ID,condition,live_caves,ride_lions,farm_potatoes,play_banjo,look_left,clap_three,smile_sad,chug_syrup,yell_cats,go_opera,dance_fire,sing_songs,scream_windows,smell_garbage,wash_ponds,paint_hands,Ethnicity,Gender,Fluent languages,Age,Sex,Ethnicity simplified,Country of birth,Country of residence,Nationality,Language,Student status,Employment status,trial1,trial2,trial3,trial4,trial5,trial6,trial7,trial8,trial9,trial10,trial11,trial12,trial13,trial14,trial15,trial16,trial17
1055,generic,73,61,81,39,7,43,7,33,10,30,50,85,42,11,86,17,White/Caucasian,Woman (including Trans Female/Trans Woman),English,35,Female,White,United States,United States,United States,English,No,Full-Time,cats,maple syrup,cave,dance,opera,lion,potatoes,attention I1,pond,sad,clap,yellow,look left,garbage,banjo,window,song
1056,baseline,95,4,50,38,50,81,56,38,15,37,89,65,82,42,90,10,White/Caucasian,Woman (including Trans Female/Trans Woman),English,36,Female,White,United States,United States,United States,English,No,Full-Time,attention I1,dance,pond,look left,cats,sad,clap,lion,opera,garbage,maple syrup,yellow,window,cave,song,banjo,potatoes
1057,generic,100,100,100,100,100,100,100,100,100,100,100,100,100,100,100,100,East Asian,Man (including Trans Male/Trans Man),English,37,Male,Asian,United States,United States,United States,English,No,Full-Time,yellow,pond,cave,banjo,lion,clap,garbage,cats,maple syrup,song,window,attention I1,dance,opera,look left,potatoes,sad
1058,generic,1,1,10,5,20,5,15,3,5,5,5,50,0,1,0,0,White/Caucasian,Woman (including Trans Female/Trans Woman),English,32,Female,White,United States,United States,United States,English,No,Unemployed (and job seeking),yellow,pond,window,cave,dance,potatoes,clap,attention I1,look left,opera,banjo,song,lion,maple syrup,sad,garbage,cats
1059,generic,40,5,35,20,1,0,0,75,0,35,75,80,25,15,25,25,South Asian,Man (including Trans Male/Trans Man),English,27,Male,Asian,United States,United States,United States,English,Yes,Full-Time,window,cats,sad,attention I1,dance,garbage,lion,cave,maple syrup,opera,yellow,song,banjo,clap,potatoes,pond,look left
1060,specific,5,1,10,15,1,5,1,5,60,10,5,25,5,5,10,100,White/Caucasian,Woman (including Trans Female/Trans Woman),English,74,Female,White,United States,United States,United States,English,DATA_EXPIRED,"Not in paid work (e.g. homemaker', 'retired or disabled)",yellow,opera,garbage,pond,clap,look left,sad,window,maple syrup,cave,song,lion,potatoes,cats,banjo,dance,attention I1
1061,specific,60,7,95,36,28,38,15,58,2,14,72,100,17,0,65,8,Black/African American,Woman (including Trans Female/Trans Woman),English,31,Female,Mixed,United States,United States,United States,English,No,Full-Time,opera,lion,garbage,banjo,pond,sad,look left,dance,cats,potatoes,song,yellow,attention I1,maple syrup,window,clap,cave
1062,baseline,53,71,69,42,37,75,96,84,16,35,83,96,36,7,81,58,South Asian,Man (including Trans Male/Trans Man),English,43,Male,Asian,United States,United States,United States,English,DATA_EXPIRED,DATA_EXPIRED,clap,banjo,lion,maple syrup,sad,cats,opera,garbage,dance,yellow,song,pond,potatoes,window,cave,look left,attention I1
1063,baseline,25,10,25,10,1,5,50,2,2,15,50,25,2,50,75,1,White/Caucasian,Woman (including Trans Female/Trans Woman),English,62,Female,White,United States,United States,United States,English,No,Full-Time,garbage,potatoes,lion,window,yellow,clap,dance,pond,attention I1,cave,look left,cats,opera,banjo,maple syrup,sad,song
1064,baseline,12,12,18,10,38,6,6,6,9,18,6,38,6,8,21,5,White/Caucasian,Man (including Trans Male/Trans Man),English,38,Male,White,United States,United States,United States,English,No,Unemployed (and job seeking),banjo,sad,song,opera,attention I1,lion,cave,potatoes,window,yellow,look left,garbage,dance,maple syrup,cats,pond,clap
1065,generic,50,1,32,9,51,77,50,14,25,14,86,36,50,73,80,39,White/Caucasian,Man (including Trans Male/Trans Man),English,46,Male,White,United States,United States,United States,English,No,Full-Time,garbage,cave,look left,clap,pond,potatoes,sad,cats,dance,yellow,opera,song,lion,banjo,attention I1,window,maple syrup
1066,baseline,100,70,10,5,50,50,100,90,20,10,95,40,25,80,90,75,White/Caucasian,Man (including Trans Male/Trans Man),English,39,Male,White,United States,United States,United States,English,No,Part-Time,clap,cave,cats,sad,attention I1,opera,song,look left,garbage,banjo,dance,lion,maple syrup,yellow,potatoes,window,pond
1067,generic,100,50,100,100,100,100,50,100,100,100,100,100,100,100,50,50,White/Caucasian,Man (including Trans Male/Trans Man),English,62,Male,White,United States,United States,United States,English,No,"Not in paid work (e.g. homemaker', 'retired or disabled)",sad,opera,potatoes,window,pond,lion,garbage,maple syrup,banjo,cats,yellow,clap,look left,dance,song,attention I1,cave
1068,specific,1,1,18,9,2,3,48,1,7,27,10,12,20,1,4,2,White/Caucasian,Man (including Trans Male/Trans Man),English,46,Male,White,United States,United States,United States,English,No,Part-Time,opera,sad,clap,look left,dance,pond,window,maple syrup,song,lion,cats,potatoes,garbage,yellow,attention I1,banjo,cave
1069,baseline,61,33,53,40,43,34,43,44,8,34,72,70,14,37,24,44,Latino/Hispanic,Man (including Trans Male/Trans Man),English,53,Male,White,Argentina,United States,United States,Spanish,No,Full-Time,pond,cats,garbage,look left,maple syrup,yellow,song,lion,banjo,opera,potatoes,attention I1,sad,clap,window,dance,cave
1070,specific,1,5,60,20,5,35,40,15,2,5,50,75,10,0,50,20,White/Caucasian,Woman (including Trans Female/Trans Woman),English,51,Female,White,United States,United States,United States,English,No,Part-Time,window,look left,pond,opera,potatoes,maple syrup,cave,garbage,dance,clap,banjo,song,yellow,sad,lion,attention I1,cats
1071,specific,61,24,61,41,35,15,16,36,9,51,59,67,11,12,57,37,White/Caucasian,Woman (including Trans Female/Trans Woman),English,40,Female,White,United States,United States,United States,English,No,Part-Time,lion,cats,cave,pond,sad,garbage,opera,maple syrup,potatoes,clap,window,yellow,banjo,dance,song,attention I1,look left
1072,specific,1,1,1,5,2,1,50,3,1,1,5,1,1,1,25,10,Latino/Hispanic,Woman (including Trans Female/Trans Woman),"English, Spanish",33,Female,Mixed,United States,United States,United States,Spanish,No,"Not in paid work (e.g. homemaker', 'retired or disabled)",yellow,pond,banjo,opera,window,potatoes,attention I1,lion,garbage,clap,maple syrup,song,cave,dance,sad,look left,cats
1073,generic,13,14,26,16,5,3,41,33,15,16,9,40,3,3,8,5,Black/African American,Woman (including Trans Female/Trans Woman),English,45,Female,Black,United States,United States,United States,English,DATA_EXPIRED,DATA_EXPIRED,pond,banjo,sad,cave,potatoes,maple syrup,yellow,lion,garbage,attention I1,window,look left,opera,dance,song,clap,cats
1074,baseline,90,71,51,14,46,77,3,33,18,11,46,59,43,8,90,25,White/Caucasian,Woman (including Trans Female/Trans Woman),English,52,Female,White,United States,United States,United States,English,No,Full-Time,look left,maple syrup,opera,attention I1,pond,banjo,sad,dance,yellow,lion,cats,song,potatoes,clap,window,cave,garbage
1075,baseline,25,1,10,5,50,50,25,5,5,25,50,25,5,5,50,25,Mixed,Woman (including Trans Female/Trans Woman),English,30,Female,Mixed,United States,United States,United States,English,No,Part-Time,opera,clap,cats,maple syrup,sad,window,pond,song,cave,look left,attention I1,yellow,dance,potatoes,garbage,lion,banjo
1076,generic,1,0,12,3,5,1,35,0,2,25,1,55,1,0,1,5,White/Caucasian,Woman (including Trans Female/Trans Woman),English,38,Female,White,United States,United States,United States,English,No,Other,potatoes,pond,attention I1,clap,window,garbage,lion,yellow,banjo,sad,cave,maple syrup,look left,dance,opera,song,cats
1077,generic,100,87,23,24,100,100,100,76,76,24,50,11,50,76,76,75,White/Caucasian,Woman (including Trans Female/Trans Woman),"English, German",50,Female,White,Germany,United States,United States,English,DATA_EXPIRED,DATA_EXPIRED,cats,window,cave,opera,potatoes,sad,maple syrup,lion,song,dance,attention I1,banjo,garbage,yellow,pond,clap,look left
1078,specific,4,5,15,12,12,10,30,8,16,15,20,15,11,4,13,9,White/Caucasian,Man (including Trans Male/Trans Man),English,36,Male,White,United States,United States,United States,English,No,Full-Time,lion,song,clap,maple syrup,look left,potatoes,cave,window,yellow,pond,dance,garbage,sad,opera,banjo,cats,attention I1
1079,baseline,5,1,30,5,45,2,50,10,10,25,60,25,5,1,14,6,White/Caucasian,Woman (including Trans Female/Trans Woman),English,41,Female,White,United States,United States,United States,English,No,Full-Time,opera,song,cats,sad,look left,maple syrup,window,potatoes,dance,pond,banjo,cave,attention I1,lion,yellow,clap,garbage
1080,generic,35,55,5,25,10,75,10,79,75,5,10,15,80,75,60,65,White/Caucasian,Woman (including Trans Female/Trans Woman),English,63,Female,White,United States,United States,United States,English,No,"Not in paid work (e.g. homemaker', 'retired or disabled)",garbage,look left,pond,window,cats,banjo,yellow,maple syrup,dance,lion,opera,sad,clap,attention I1,potatoes,song,cave
1081,baseline,3,2,33,5,58,6,17,2,7,35,9,24,3,2,5,2,White/Caucasian,Woman (including Trans Female/Trans Woman),English,53,Female,White,United States,United States,United States,English,No,Part-Time,song,cave,window,opera,pond,yellow,maple syrup,garbage,attention I1,clap,look left,potatoes,cats,dance,sad,banjo,lion
1082,specific,22,45,85,66,24,72,14,18,7,55,75,72,10,36,74,38,White/Caucasian,Man (including Trans Male/Trans Man),English,54,Male,White,United States,United States,United States,English,No,Full-Time,look left,attention I1,pond,sad,dance,window,potatoes,garbage,lion,clap,yellow,maple syrup,cats,song,cave,banjo,opera
1083,specific,75,1,75,1,100,1,5,1,1,25,1,90,1,1,75,1,White/Caucasian,Woman (including Trans Female/Trans Woman),English,50,Female,White,United States,United States,United States,English,No,Full-Time,cave,yellow,banjo,cats,clap,attention I1,potatoes,pond,window,dance,lion,look left,song,opera,sad,maple syrup,garbage
1084,baseline,11,28,24,44,51,63,32,3,9,16,16,36,44,27,70,33,South Asian,Man (including Trans Male/Trans Man),English,30,Male,Asian,United States,United States,United States,English,DATA_EXPIRED,DATA_EXPIRED,pond,song,sad,opera,look left,clap,garbage,yellow,lion,window,attention I1,potatoes,cave,banjo,maple syrup,cats,dance
1085,baseline,43,7,72,17,38,34,28,50,26,19,58,61,6,22,90,45,Black/African American,Man (including Trans Male/Trans Man),English,29,Male,Black,United States,United States,United States,English,DATA_EXPIRED,DATA_EXPIRED,cats,lion,cave,dance,banjo,sad,look left,garbage,song,potatoes,maple syrup,clap,pond,opera,attention I1,window,yellow
1086,generic,25,25,40,50,50,50,50,75,50,40,75,75,50,25,50,75,White/Caucasian,Woman (including Trans Female/Trans Woman),"English, Spanish",45,Female,White,United States,United States,United States,English,DATA_EXPIRED,DATA_EXPIRED,maple syrup,song,window,yellow,banjo,pond,attention I1,look left,potatoes,dance,lion,cats,opera,sad,cave,clap,garbage
1087,specific,19,11,16,17,32,26,17,15,19,25,15,12,10,3,47,6,White/Caucasian,Woman (including Trans Female/Trans Woman),English,29,Female,White,United States,United States,United States,English,No,Full-Time,song,look left,sad,window,cave,garbage,pond,yellow,opera,dance,maple syrup,lion,clap,banjo,cats,attention I1,potatoes
1088,baseline,60,15,20,24,50,75,95,40,12,10,25,30,20,15,40,10,White/Caucasian,Woman (including Trans Female/Trans Woman),English,55,Female,White,United States,United States,United States,English,No,Other,cave,banjo,opera,garbage,song,cats,look left,maple syrup,clap,sad,pond,window,yellow,potatoes,dance,attention I1,lion
1089,specific,38,15,65,50,57,40,25,28,20,60,20,75,12,10,40,37,White/Caucasian,Man (including Trans Male/Trans Man),English,42,Male,White,United States,United States,United States,English,No,Unemployed (and job seeking),attention I1,look left,potatoes,maple syrup,banjo,garbage,cave,song,window,cats,sad,pond,lion,dance,yellow,opera,clap
1090,generic,23,11,36,16,50,52,48,14,19,12,6,37,21,9,59,6,White/Caucasian,Man (including Trans Male/Trans Man),English,62,Male,White,United States,United States,United States,English,No,DATA_EXPIRED,maple syrup,potatoes,cats,sad,opera,pond,song,lion,yellow,clap,look left,attention I1,garbage,dance,cave,window,banjo
1091,generic,20,20,50,90,80,66,20,100,60,75,100,75,10,33,60,25,Black/African American,Man (including Trans Male/Trans Man),English,34,Male,Black,United States,United States,United States,English,No,Full-Time,song,lion,window,banjo,opera,attention I1,clap,maple syrup,dance,yellow,cats,cave,look left,potatoes,garbage,pond,sad
1092,specific,62,9,50,13,50,13,65,17,28,23,25,89,75,12,90,10,Latino/Hispanic,Woman (including Trans Female/Trans Woman),"Spanish, English",27,Female,Mixed,United States,United States,United States,English,No,Other,window,song,garbage,look left,attention I1,cats,opera,clap,banjo,lion,potatoes,maple syrup,yellow,dance,cave,sad,pond
1093,baseline,6,1,4,2,89,1,9,4,6,6,27,14,17,3,10,7,White/Caucasian,Man (including Trans Male/Trans Man),English,51,Male,White,United States,United States,United States,English,DATA_EXPIRED,DATA_EXPIRED,lion,cats,sad,banjo,maple syrup,garbage,cave,song,look left,opera,window,dance,pond,clap,attention I1,potatoes,yellow
1094,baseline,50,25,80,15,60,50,88,3,89,2,100,1,50,35,45,10,White/Caucasian,Man (including Trans Male/Trans Man),English,39,Male,White,United States,United States,United States,English,No,Full-Time,cave,potatoes,maple syrup,opera,garbage,look left,cats,lion,dance,attention I1,clap,banjo,pond,yellow,window,song,sad
1095,specific,25,1,30,10,5,4,50,0,0,50,1,75,1,0,35,35,White/Caucasian,Woman (including Trans Female/Trans Woman),English,62,Female,White,United States,United States,United States,English,No,"Not in paid work (e.g. homemaker', 'retired or disabled)",cave,sad,potatoes,yellow,clap,maple syrup,song,pond,banjo,look left,garbage,opera,attention I1,lion,cats,window,dance
1096,baseline,39,28,36,32,35,42,66,40,65,33,69,50,34,58,69,29,White/Caucasian,Man (including Trans Male/Trans Man),English,36,Male,White,United States,United States,United States,English,No,Unemployed (and job seeking),sad,song,cats,lion,attention I1,potatoes,look left,clap,window,garbage,yellow,dance,cave,pond,banjo,opera,maple syrup
1097,specific,2,1,5,3,28,3,10,2,3,4,4,6,6,2,4,2,White/Caucasian,Man (including Trans Male/Trans Man),English,41,Male,White,United States,United States,United States,English,No,Full-Time,opera,maple syrup,song,pond,dance,cave,lion,window,yellow,look left,attention I1,banjo,clap,potatoes,sad,cats,garbage
1098,generic,3,3,26,2,4,1,75,5,14,6,10,35,18,10,15,5,White/Caucasian,Man (including Trans Male/Trans Man),English,39,Male,White,United States,United States,United States,English,Yes,Full-Time,sad,yellow,garbage,song,attention I1,lion,pond,window,clap,opera,cats,potatoes,look left,cave,dance,maple syrup,banjo
1099,specific,10,0,60,5,50,32,1,20,25,5,35,60,5,5,35,75,Latino/Hispanic,Man (including Trans Male/Trans Man),English,40,Male,Mixed,United States,United States,United States,English,DATA_EXPIRED,DATA_EXPIRED,cats,look left,pond,cave,banjo,lion,sad,maple syrup,dance,potatoes,opera,clap,song,yellow,garbage,window,attention I1
1100,specific,29,27,58,74,44,39,55,63,7,14,63,86,10,3,60,91,Black/African American,Woman (including Trans Female/Trans Woman),English,32,Female,Black,Spain,United States,United States,English,No,Unemployed (and job seeking),garbage,opera,sad,window,banjo,dance,song,yellow,look left,clap,pond,cave,maple syrup,attention I1,potatoes,lion,cats
1101,generic,50,33,25,33,70,66,10,25,10,20,60,25,10,10,15,75,Mixed,Man (including Trans Male/Trans Man),English,30,Male,Mixed,United States,United States,United States,English,No,DATA_EXPIRED,lion,cats,banjo,dance,garbage,song,sad,cave,potatoes,attention I1,maple syrup,look left,window,opera,clap,yellow,pond
1102,specific,17,1,9,13,51,16,1,4,75,25,90,92,15,1,24,7,White/Caucasian,Man (including Trans Male/Trans Man),English,79,Male,White,United States,United States,United States,English,DATA_EXPIRED,"Not in paid work (e.g. homemaker', 'retired or disabled)",banjo,potatoes,maple syrup,cats,lion,garbage,dance,look left,pond,yellow,song,sad,window,cave,opera,attention I1,clap
1103,specific,35,14,42,7,11,6,6,3,7,1,22,40,8,8,37,25,White/Caucasian,Man (including Trans Male/Trans Man),English,40,Male,White,United States,United States,United States,English,No,Full-Time,pond,banjo,opera,window,attention I1,song,cats,yellow,maple syrup,look left,potatoes,sad,clap,cave,garbage,dance,lion
1104,specific,25,5,26,21,15,60,41,56,5,8,75,30,40,10,66,70,Latino/Hispanic,Man (including Trans Male/Trans Man),English,29,Male,Other,United States,United States,United States,English,No,Part-Time,song,lion,attention I1,window,banjo,clap,potatoes,opera,maple syrup,garbage,cats,pond,sad,cave,yellow,look left,dance
1105,generic,0,40,33,25,10,10,10,35,0,80,15,100,0,0,10,15,East Asian,Man (including Trans Male/Trans Man),English,22,Male,Asian,United States,United States,United States,English,No,Full-Time,garbage,attention I1,song,cats,sad,pond,dance,potatoes,cave,look left,window,opera,yellow,banjo,maple syrup,lion,clap
1106,generic,51,1,76,98,50,100,0,98,50,50,100,76,50,25,98,100,White/Caucasian,Woman (including Trans Female/Trans Woman),English,53,Female,White,United States,United States,United States,English,No,Part-Time,potatoes,look left,banjo,garbage,dance,pond,song,cats,lion,window,sad,maple syrup,yellow,attention I1,opera,cave,clap
1107,specific,10,1,35,5,75,5,0,7,80,2,100,25,80,3,75,10,Latino/Hispanic,Man (including Trans Male/Trans Man),English,22,Male,White,United States,United States,United States,English,Yes,Part-Time,garbage,attention I1,lion,clap,dance,song,cave,maple syrup,pond,cats,yellow,look left,potatoes,window,sad,banjo,opera
1108,generic,91,84,100,72,67,86,59,67,70,95,85,73,69,72,85,83,Black/African American,Man (including Trans Male/Trans Man),English,32,Male,Black,United States,United States,United States,English,Yes,Part-Time,sad,song,potatoes,cave,clap,window,banjo,maple syrup,attention I1,cats,yellow,lion,dance,garbage,look left,opera,pond
1109,generic,100,85,100,86,93,100,92,72,52,82,100,100,100,64,100,73,Latino/Hispanic,Rather not say,"English, Spanish",22,Female,Mixed,United States,United States,United States,Spanish,No,Unemployed (and job seeking),window,opera,cave,song,potatoes,lion,clap,maple syrup,attention I1,garbage,banjo,dance,pond,sad,yellow,cats,look left
1110,specific,15,1,11,5,3,5,5,4,10,18,100,25,22,3,15,10,White/Caucasian,Woman (including Trans Female/Trans Woman),English,57,Female,White,United States,United States,United States,English,No,Other,sad,cats,cave,attention I1,dance,song,pond,yellow,clap,garbage,window,banjo,look left,opera,maple syrup,potatoes,lion
1111,baseline,5,5,8,5,50,50,50,50,25,10,95,10,2,5,50,3,White/Caucasian,Man (including Trans Male/Trans Man),"English, Japanese",28,Male,White,United States,United States,United States,English,DATA_EXPIRED,DATA_EXPIRED,garbage,look left,song,attention I1,cave,potatoes,window,maple syrup,clap,banjo,yellow,opera,sad,dance,pond,cats,lion
1112,baseline,37,31,84,83,66,49,37,97,49,77,100,76,49,25,100,47,White/Caucasian,Rather not say,English,61,Male,White,Puerto Rico,United States,United States,English,No,Part-Time,yellow,garbage,attention I1,pond,window,song,clap,lion,look left,cave,dance,banjo,cats,opera,potatoes,maple syrup,sad
1113,generic,0,0,0,0,0,0,0,0,0,0,0,100,0,0,0,0,White/Caucasian,Woman (including Trans Female/Trans Woman),English,53,Female,White,United States,United States,United States,English,No,Part-Time,dance,yellow,maple syrup,look left,cats,attention I1,garbage,clap,banjo,lion,pond,song,potatoes,window,cave,sad,opera
1114,baseline,75,25,60,40,50,50,75,75,25,25,50,85,10,65,65,50,White / Sephardic Jew,Woman (including Trans Female/Trans Woman),English,64,Female,Mixed,United States,United States,United States,English,No,"Not in paid work (e.g. homemaker', 'retired or disabled)",lion,attention I1,yellow,window,potatoes,maple syrup,sad,dance,pond,song,cats,look left,banjo,clap,garbage,cave,opera
1115,specific,10,3,15,30,35,85,70,60,10,45,75,55,5,35,25,80,White/Caucasian,Woman (including Trans Female/Trans Woman),English,59,Female,White,United States,United States,United States,English,No,Part-Time,pond,potatoes,look left,cave,opera,dance,song,maple syrup,yellow,window,cats,garbage,banjo,attention I1,lion,sad,clap
1116,specific,1,1,1,1,1,1,1,1,1,1,1,1,1,1,1,1,White/Caucasian,Woman (including Trans Female/Trans Woman),English,36,Female,White,United States,United States,United States,English,No,Full-Time,yellow,clap,opera,window,banjo,sad,cats,song,lion,potatoes,maple syrup,attention I1,dance,pond,cave,garbage,look left
1117,baseline,49,14,50,54,75,12,52,91,24,84,91,75,18,77,96,11,White/Caucasian,Woman (including Trans Female/Trans Woman),English,51,Female,White,United States,United States,United States,English,No,"Not in paid work (e.g. homemaker', 'retired or disabled)",yellow,potatoes,look left,lion,song,cats,opera,dance,window,sad,garbage,cave,clap,maple syrup,pond,attention I1,banjo
1118,generic,1,5,10,5,10,0,5,1,3,35,1,65,1,1,20,15,White/Caucasian,Woman (including Trans Female/Trans Woman),English,53,Female,White,United States,United States,United States,English,No,DATA_EXPIRED,song,look left,pond,opera,dance,window,lion,banjo,garbage,potatoes,maple syrup,attention I1,cave,cats,clap,sad,yellow
1119,specific,10,3,25,10,50,1,1,2,1,20,90,10,1,1,50,1,Latino/Hispanic,Woman (including Trans Female/Trans Woman),English,50,Female,Other,United States,United States,United States,English,No,Full-Time,song,window,potatoes,look left,lion,maple syrup,attention I1,opera,cave,clap,cats,sad,garbage,dance,pond,yellow,banjo
1120,generic,9,7,14,14,6,22,50,8,50,35,41,16,25,6,8,7,White/Caucasian,Woman (including Trans Female/Trans Woman),English,49,Female,White,United States,United States,United States,English,No,Full-Time,window,cats,garbage,look left,potatoes,pond,yellow,banjo,attention I1,song,maple syrup,opera,sad,clap,dance,cave,lion
1121,specific,47,29,33,25,7,18,8,22,8,20,24,25,8,4,37,21,White/Caucasian,Woman (including Trans Female/Trans Woman),English,32,Female,White,United States,United States,United States,English,No,Part-Time,banjo,opera,yellow,dance,sad,cats,window,maple syrup,song,cave,look left,potatoes,garbage,pond,clap,lion,attention I1
1122,baseline,100,1,35,50,1,3,1,1,5,25,1,30,2,1,90,1,Black/African American,Woman (including Trans Female/Trans Woman),English,78,Female,Black,United States,United States,United States,English,No,"Not in paid work (e.g. homemaker', 'retired or disabled)",banjo,lion,yellow,potatoes,look left,cave,maple syrup,window,sad,clap,attention I1,pond,garbage,cats,opera,song,dance
1123,generic,40,24,67,39,44,50,29,33,31,41,41,76,35,22,49,50,White/Caucasian,Woman (including Trans Female/Trans Woman),English,29,Female,White,United States,United States,United States,English,No,Part-Time,opera,banjo,sad,potatoes,dance,look left,pond,maple syrup,lion,garbage,yellow,window,cats,clap,song,attention I1,cave
1124,specific,75,40,50,25,25,95,15,70,25,30,75,85,65,40,85,60,Mixed,Man (including Trans Male/Trans Man),English,30,Male,Mixed,United States,United States,United States,English,Yes,Full-Time,dance,banjo,song,attention I1,maple syrup,yellow,cats,potatoes,cave,lion,pond,clap,garbage,sad,look left,opera,window
1125,generic,99,100,100,100,100,100,100,100,100,100,99,99,100,100,100,100,White/Caucasian,Man (including Trans Male/Trans Man),English,55,Male,White,United States,United States,United States,English,DATA_EXPIRED,DATA_EXPIRED,dance,cave,yellow,lion,sad,opera,pond,banjo,garbage,attention I1,song,potatoes,look left,window,maple syrup,cats,clap
1126,generic,25,25,25,25,25,25,25,25,25,25,25,75,25,25,25,25,White/Caucasian,Man (including Trans Male/Trans Man),English,52,Male,White,United States,United States,United States,English,No,"Not in paid work (e.g. homemaker', 'retired or disabled)",banjo,pond,maple syrup,garbage,sad,potatoes,look left,cats,window,clap,dance,cave,opera,lion,yellow,attention I1,song
1127,generic,3,1,30,10,25,1,5,25,30,20,50,75,35,5,15,5,White/Caucasian,Woman (including Trans Female/Trans Woman),English,53,Female,White,United States,United States,United States,English,No,Full-Time,maple syrup,sad,banjo,lion,opera,pond,window,yellow,attention I1,garbage,potatoes,dance,look left,cats,cave,song,clap
1128,generic,100,100,100,100,100,100,100,100,100,100,100,100,100,100,100,100,White/Caucasian,Woman (including Trans Female/Trans Woman),English,57,Female,White,United States,United States,United States,English,No,Full-Time,window,potatoes,garbage,cats,dance,clap,yellow,look left,cave,song,sad,pond,banjo,maple syrup,lion,attention I1,opera
1129,specific,10,6,26,31,10,9,11,10,1,2,20,62,5,4,61,20,White/Caucasian,Man (including Trans Male/Trans Man),English,48,Male,White,United States,United States,United States,Greek,No,Part-Time,attention I1,cats,banjo,yellow,potatoes,cave,lion,pond,maple syrup,window,clap,opera,garbage,look left,song,dance,sad
1130,baseline,75,1,5,10,50,90,10,10,1,1,95,20,5,1,25,1,Latino/Hispanic,Man (including Trans Male/Trans Man),"English, Spanish",33,Male,White,United States,United States,United States,English,No,Full-Time,cave,attention I1,look left,clap,song,maple syrup,banjo,pond,lion,dance,sad,window,yellow,garbage,potatoes,opera,cats
1131,specific,3,50,50,3,3,4,5,4,3,3,4,51,3,50,4,3,White/Caucasian,Woman (including Trans Female/Trans Woman),English,67,Female,White,United States,United States,United States,English,No,Part-Time,song,garbage,potatoes,lion,banjo,pond,opera,clap,sad,cave,maple syrup,yellow,look left,dance,cats,window,attention I1
1132,baseline,84,73,78,25,87,95,79,88,10,40,66,52,18,84,94,72,Latino/Hispanic,Man (including Trans Male/Trans Man),"English, Spanish",41,Male,White,United States,United States,United States,English,No,Full-Time,dance,look left,yellow,maple syrup,pond,cats,sad,banjo,attention I1,song,potatoes,window,clap,garbage,opera,lion,cave
1133,baseline,50,5,10,15,35,40,15,10,15,20,75,15,20,2,15,5,White/Caucasian,Man (including Trans Male/Trans Man),English,31,Male,White,United States,United States,United States,English,No,Part-Time,song,opera,yellow,look left,banjo,window,cats,clap,potatoes,pond,garbage,attention I1,sad,dance,cave,lion,maple syrup
1134,specific,50,10,50,15,50,3,5,25,25,35,25,50,25,2,85,6,White/Caucasian,Man (including Trans Male/Trans Man),English,37,Male,White,United States,United States,United States,English,Yes,Full-Time,yellow,lion,dance,maple syrup,sad,banjo,cave,attention I1,potatoes,clap,song,look left,cats,opera,pond,garbage,window
1135,generic,3,1,18,22,5,2,3,6,41,8,3,77,28,5,10,4,South Asian,Man (including Trans Male/Trans Man),"French, English",27,Male,Asian,India,United States,United States,English,DATA_EXPIRED,DATA_EXPIRED,pond,sad,song,lion,potatoes,opera,dance,attention I1,window,cats,look left,maple syrup,cave,clap,garbage,banjo,yellow
1136,baseline,7,7,30,40,40,24,63,11,14,50,50,63,18,14,26,12,Mixed,Man (including Trans Male/Trans Man),English,45,Male,Mixed,United States,United States,United States,English,No,Full-Time,opera,cats,maple syrup,look left,garbage,potatoes,attention I1,sad,pond,banjo,window,song,dance,cave,yellow,clap,lion
1137,generic,0,0,25,25,60,24,11,15,38,50,75,100,31,50,0,32,White/Caucasian,Man (including Trans Male/Trans Man),English,49,Male,White,United States,United States,United States,English,No,Full-Time,potatoes,dance,maple syrup,pond,song,cats,attention I1,garbage,sad,cave,lion,look left,banjo,yellow,opera,window,clap
1138,generic,25,88,75,94,76,50,76,40,14,11,78,95,27,36,57,88,Latino/Hispanic,Woman (including Trans Female/Trans Woman),"English, Spanish",30,Female,White,United States,United States,United States,Spanish,No,Part-Time,attention I1,lion,potatoes,maple syrup,cave,dance,opera,yellow,garbage,window,banjo,look left,sad,song,clap,pond,cats
1139,generic,75,35,35,30,25,10,75,3,3,85,10,60,20,50,90,35,White/Caucasian,Woman (including Trans Female/Trans Woman),English,45,Female,White,United States,United States,United States,English,DATA_EXPIRED,DATA_EXPIRED,potatoes,dance,maple syrup,attention I1,lion,sad,clap,window,garbage,cave,yellow,opera,pond,cats,song,banjo,look left
1140,generic,29,72,68,77,10,50,9,73,14,76,32,76,24,77,69,9,White/Caucasian,Woman (including Trans Female/Trans Woman),English,30,Female,White,United States,United States,United States,English,Yes,Part-Time,window,potatoes,dance,cats,look left,sad,yellow,clap,pond,opera,lion,maple syrup,song,garbage,attention I1,banjo,cave
1141,specific,2,2,15,16,3,5,1,2,1,9,8,94,1,4,24,1,White/Caucasian,Woman (including Trans Female/Trans Woman),English,73,Female,White,United States,United States,United States,English,No,"Not in paid work (e.g. homemaker', 'retired or disabled)",pond,garbage,cats,cave,lion,song,attention I1,opera,potatoes,sad,dance,window,banjo,clap,maple syrup,yellow,look left
1142,specific,12,2,15,3,4,2,3,1,6,5,4,35,5,1,5,1,White/Caucasian,Woman (including Trans Female/Trans Woman),English,44,Female,White,United States,United States,United States,English,No,Part-Time,cave,window,sad,clap,look left,pond,garbage,potatoes,song,maple syrup,banjo,lion,cats,dance,attention I1,yellow,opera
1143,baseline,25,70,15,10,75,70,80,40,15,5,85,20,30,25,30,75,White/Caucasian,Man (including Trans Male/Trans Man),English,32,Male,White,United States,United States,United States,English,No,"Not in paid work (e.g. homemaker', 'retired or disabled)",clap,garbage,sad,yellow,attention I1,banjo,cave,pond,cats,opera,window,maple syrup,look left,dance,potatoes,lion,song
1144,baseline,99,10,10,5,6,9,1,50,7,49,7,50,7,14,95,3,Mixed,Man (including Trans Male/Trans Man),"English, Spanish",42,Male,Mixed,Honduras,United States,United States,Spanish,DATA_EXPIRED,DATA_EXPIRED,maple syrup,yellow,cave,cats,garbage,banjo,potatoes,lion,sad,song,clap,attention I1,pond,window,dance,look left,opera
1145,baseline,30,15,55,25,70,50,75,65,10,45,35,60,5,15,40,40,White/Caucasian,Man (including Trans Male/Trans Man),"English, German",56,Male,White,Germany,United States,United States,German,No,Unemployed (and job seeking),potatoes,cave,banjo,yellow,maple syrup,opera,lion,dance,window,attention I1,garbage,clap,sad,cats,look left,song,pond
1146,generic,25,25,75,50,0,75,75,0,60,50,50,50,50,25,90,75,Latino/Hispanic,Man (including Trans Male/Trans Man),"English, Spanish",57,Male,White,Cuba,United States,United States,English,DATA_EXPIRED,Full-Time,dance,cave,lion,maple syrup,look left,garbage,attention I1,sad,banjo,clap,cats,potatoes,pond,yellow,window,opera,song
1147,generic,100,2,100,100,50,100,11,100,10,25,100,100,16,100,100,100,White/Caucasian,Woman (including Trans Female/Trans Woman),English,67,Female,White,United States,United States,United States,English,No,Part-Time,garbage,look left,yellow,clap,song,banjo,maple syrup,attention I1,sad,cave,lion,potatoes,cats,window,pond,dance,opera
1148,generic,80,70,75,75,85,99,76,83,68,67,92,75,79,82,75,81,White/Caucasian,Man (including Trans Male/Trans Man),English,42,Male,White,United States,United States,United States,English,No,"Not in paid work (e.g. homemaker', 'retired or disabled)",clap,pond,look left,window,potatoes,attention I1,garbage,banjo,lion,cave,cats,sad,song,opera,maple syrup,yellow,dance
1149,specific,2,1,10,15,33,2,15,3,10,20,5,50,5,2,5,2,White/Caucasian,Man (including Trans Male/Trans Man),English,44,Male,White,United States,United States,United States,English,No,Full-Time,window,yellow,attention I1,opera,sad,dance,garbage,lion,potatoes,look left,song,cats,clap,pond,maple syrup,banjo,cave
1150,baseline,7,1,24,8,50,3,4,6,10,50,11,90,9,0,15,4,White/Caucasian,Woman (including Trans Female/Trans Woman),English,32,Female,White,United States,United States,United States,English,No,Unemployed (and job seeking),sad,opera,look left,pond,potatoes,maple syrup,lion,dance,attention I1,garbage,yellow,cats,cave,song,window,clap,banjo
1151,baseline,64,90,66,66,64,83,80,74,68,70,62,59,79,69,75,77,White/Caucasian,Man (including Trans Male/Trans Man),English,34,Male,White,United States,United States,United States,English,No,Full-Time,sad,attention I1,lion,window,maple syrup,song,banjo,opera,yellow,garbage,look left,dance,cave,cats,clap,pond,potatoes
1152,baseline,43,9,37,25,29,50,50,75,37,10,88,29,50,8,63,38,South East Asian,Woman (including Trans Female/Trans Woman),"English, Spanish",26,Female,Asian,United States,United States,United States,Other,No,Other,maple syrup,garbage,window,potatoes,banjo,cave,clap,song,look left,lion,dance,yellow,pond,attention I1,sad,cats,opera
1153,specific,64,75,100,75,25,37,50,12,4,8,100,100,3,1,53,50,White/Caucasian,Woman (including Trans Female/Trans Woman),English,64,Female,White,United States,United States,United States,English,No,Full-Time,opera,attention I1,maple syrup,pond,garbage,cats,sad,look left,clap,yellow,window,cave,lion,song,banjo,potatoes,dance
1154,specific,3,1,6,4,12,2,5,8,2,8,4,11,5,3,50,1,White/Caucasian,Man (including Trans Male/Trans Man),English,35,Male,White,United States,United States,United States,English,DATA_EXPIRED,DATA_EXPIRED,attention I1,sad,cave,banjo,cats,maple syrup,pond,garbage,look left,potatoes,window,clap,lion,dance,yellow,opera,song
1155,generic,37,11,46,100,14,64,14,61,32,64,47,39,31,1,56,64,White/Caucasian,Man (including Trans Male/Trans Man),"English, French, German",27,Male,White,United States,United States,United States,English,Yes,Part-Time,cats,lion,pond,clap,song,attention I1,yellow,sad,maple syrup,look left,cave,opera,banjo,potatoes,garbage,dance,window
1156,baseline,63,59,65,76,98,67,68,70,69,94,73,62,75,83,61,81,South East Asian,Man (including Trans Male/Trans Man),English,21,Male,Asian,United States,United States,United States,English,DATA_EXPIRED,DATA_EXPIRED,dance,sad,maple syrup,potatoes,attention I1,garbage,yellow,banjo,cats,cave,opera,clap,look left,lion,song,pond,window
1157,specific,65,20,39,26,39,49,47,57,29,32,45,64,43,36,43,54,Latino/Hispanic,Woman (including Trans Female/Trans Woman),"English, Spanish",23,Female,Other,United States,United States,United States,English,No,Part-Time,cats,clap,banjo,opera,window,potatoes,cave,attention I1,yellow,maple syrup,sad,dance,garbage,look left,lion,song,pond
1158,specific,5,2,3,5,5,5,7,6,0,10,11,25,1,1,7,2,White/Caucasian,Woman (including Trans Female/Trans Woman),English,55,Female,White,United States,United States,United States,English,No,Full-Time,yellow,garbage,opera,attention I1,clap,pond,lion,cats,maple syrup,banjo,cave,song,look left,sad,potatoes,dance,window
1159,specific,13,1,24,10,17,6,6,7,9,16,24,61,3,2,1,5,White/Caucasian,Woman (including Trans Female/Trans Woman),English,38,Female,White,United States,United States,United States,English,DATA_EXPIRED,DATA_EXPIRED,clap,look left,banjo,garbage,attention I1,dance,cave,song,potatoes,sad,window,opera,cats,pond,lion,maple syrup,yellow
1160,specific,18,1,68,55,19,1,1,5,2,46,36,69,3,1,6,2,White/Caucasian,Woman (including Trans Female/Trans Woman),English,46,Female,White,United States,United States,United States,English,No,Full-Time,song,banjo,garbage,pond,attention I1,clap,cats,window,lion,look left,sad,maple syrup,yellow,cave,potatoes,dance,opera
1161,generic,55,35,52,36,40,55,50,66,49,32,70,49,76,48,46,52,White/Caucasian,Man (including Trans Male/Trans Man),English,33,Male,White,United States,United States,United States,English,No,Full-Time,sad,clap,lion,banjo,potatoes,window,look left,cats,garbage,cave,opera,dance,maple syrup,song,yellow,attention I1,pond
1162,generic,70,60,50,35,50,90,60,65,30,50,85,90,75,25,75,40,White/Caucasian,Man (including Trans Male/Trans Man),English,27,Male,White,United States,United States,United States,English,No,Unemployed (and job seeking),sad,cave,pond,banjo,song,maple syrup,opera,dance,attention I1,potatoes,clap,garbage,yellow,look left,window,cats,lion
1163,generic,75,5,10,10,25,25,25,25,25,50,75,80,10,50,50,25,Black/African American,Woman (including Trans Female/Trans Woman),English,70,Female,Black,United States,United States,United States,English,No,"Not in paid work (e.g. homemaker', 'retired or disabled)",potatoes,attention I1,window,lion,maple syrup,sad,pond,yellow,garbage,cats,cave,opera,banjo,clap,dance,song,look left
1164,generic,56,8,46,51,66,29,66,23,37,60,25,71,24,36,69,26,White/Caucasian,Man (including Trans Male/Trans Man),English,27,Male,White,United States,United States,United States,English,No,Part-Time,pond,song,banjo,sad,clap,potatoes,lion,window,opera,dance,yellow,attention I1,maple syrup,cats,look left,garbage,cave
1165,generic,17,21,70,25,38,51,64,50,25,30,80,77,18,31,50,76,White/Caucasian,Man (including Trans Male/Trans Man),English,50,Male,White,United States,United States,United States,English,No,Part-Time,maple syrup,potatoes,garbage,pond,cats,look left,yellow,dance,attention I1,lion,clap,window,opera,sad,cave,banjo,song
1166,generic,60,45,60,40,65,75,75,35,15,65,35,85,25,25,20,60,White/Caucasian,Woman (including Trans Female/Trans Woman),English,29,Female,White,United States,United States,United States,English,No,Part-Time,opera,cats,yellow,clap,look left,potatoes,window,song,lion,cave,dance,banjo,maple syrup,garbage,attention I1,pond,sad
1167,specific,15,1,25,25,1,2,10,1,25,2,75,26,1,1,25,1,Black/African American,Woman (including Trans Female/Trans Woman),English,31,Female,Black,United States,United States,United States,English,No,"Not in paid work (e.g. homemaker', 'retired or disabled)",attention I1,clap,yellow,maple syrup,window,opera,potatoes,lion,song,sad,look left,pond,garbage,cats,banjo,cave,dance
1168,specific,11,33,33,34,64,86,38,3,16,32,37,42,26,5,84,17,Latino/Hispanic,Non-binary (would like to give more detail),English,23,Female,Other,United States,United States,United States,English,No,Unemployed (and job seeking),clap,window,garbage,cats,dance,song,opera,look left,pond,yellow,lion,attention I1,banjo,cave,sad,maple syrup,potatoes
1169,baseline,10,41,35,31,7,59,39,61,21,35,48,67,30,15,39,28,White/Caucasian,Man (including Trans Male/Trans Man),English,23,Male,White,United States,United States,United States,English,No,Unemployed (and job seeking),pond,dance,opera,cats,maple syrup,sad,clap,song,window,garbage,lion,look left,cave,banjo,potatoes,yellow,attention I1
1170,baseline,66,24,58,33,7,12,24,20,25,26,50,79,43,6,40,19,East Asian,Woman (including Trans Female/Trans Woman),English,21,Female,Asian,United States,United States,United States,Chinese,Yes,Part-Time,opera,yellow,cave,song,sad,lion,cats,garbage,dance,look left,maple syrup,clap,attention I1,banjo,potatoes,pond,window
1171,specific,43,25,75,7,50,83,50,65,25,34,90,50,50,37,84,67,White/Caucasian,Woman (including Trans Female/Trans Woman),English,22,Male,White,United States,United States,United States,English,Yes,DATA_EXPIRED,attention I1,look left,cats,window,maple syrup,garbage,yellow,dance,cave,sad,clap,pond,potatoes,lion,song,opera,banjo
1172,specific,10,6,25,8,33,24,5,10,9,7,4,5,10,2,11,5,White/Caucasian,Man (including Trans Male/Trans Man),English,30,Male,White,United States,United States,United States,English,No,Part-Time,yellow,song,lion,potatoes,attention I1,pond,window,garbage,cave,maple syrup,sad,opera,look left,banjo,cats,dance,clap
1173,specific,60,17,53,63,32,25,26,77,11,66,55,85,20,16,88,71,Black/African American,Woman (including Trans Female/Trans Woman),English,48,Female,Black,United States,United States,United States,English,DATA_EXPIRED,DATA_EXPIRED,sad,maple syrup,potatoes,clap,cave,attention I1,yellow,pond,cats,garbage,dance,opera,look left,window,song,banjo,lion
1174,specific,5,1,3,7,5,5,1,6,8,2,55,10,30,3,40,20,White/Caucasian,Man (including Trans Male/Trans Man),English,39,Male,White,United States,United States,United States,English,No,Full-Time,window,attention I1,potatoes,song,dance,opera,cats,yellow,clap,lion,pond,cave,maple syrup,banjo,look left,garbage,sad
1175,generic,40,25,25,80,50,90,75,45,85,90,55,95,50,30,60,55,South East Asian,Woman (including Trans Female/Trans Woman),"Khmer, English",21,Female,Asian,United States,United States,United States,English,Yes,Unemployed (and job seeking),sad,potatoes,cave,dance,attention I1,cats,lion,yellow,opera,song,clap,banjo,garbage,pond,window,look left,maple syrup
1176,specific,95,5,85,8,50,95,50,5,15,40,80,90,50,17,10,2,White/Caucasian,Man (including Trans Male/Trans Man),English,49,Male,White,United States,United States,United States,English,DATA_EXPIRED,DATA_EXPIRED,banjo,dance,cats,sad,attention I1,lion,potatoes,maple syrup,cave,opera,pond,yellow,window,look left,song,clap,garbage
1177,generic,9,7,71,76,76,15,99,86,2,3,92,84,67,0,100,41,White/Caucasian,Woman (including Trans Female/Trans Woman),English,44,Female,White,United States,United States,United States,English,DATA_EXPIRED,DATA_EXPIRED,look left,garbage,yellow,sad,maple syrup,window,potatoes,clap,pond,song,attention I1,cave,banjo,lion,opera,cats,dance
1178,specific,2,1,5,8,3,75,10,3,5,4,20,33,10,1,35,1,White/Caucasian,Non-binary (would like to give more detail),"English, Spanish",22,Male,White,United States,United States,United States,English,No,Part-Time,potatoes,lion,opera,song,yellow,look left,garbage,cave,maple syrup,dance,cats,window,pond,clap,banjo,attention I1,sad
1179,baseline,40,8,16,19,44,16,37,16,5,35,67,18,12,24,24,40,East Asian,Woman (including Trans Female/Trans Woman),"English, Chinese",21,Female,Asian,Taiwan,United States,United States,Chinese,Yes,Unemployed (and job seeking),yellow,garbage,opera,window,dance,potatoes,attention I1,sad,maple syrup,pond,look left,cave,song,cats,lion,clap,banjo
1180,baseline,75,1,35,5,25,85,25,45,5,10,95,60,10,75,90,75,White/Caucasian,Man (including Trans Male/Trans Man),English,31,Male,White,United States,United States,United States,English,No,Other,pond,look left,cave,lion,song,clap,attention I1,yellow,banjo,sad,garbage,dance,maple syrup,window,potatoes,cats,opera
1181,baseline,3,0,30,2,0,0,0,0,40,60,1,40,5,0,15,0,White/Caucasian,Woman (including Trans Female/Trans Woman),English,60,Female,White,United States,United States,United States,English,No,"Not in paid work (e.g. homemaker', 'retired or disabled)",window,banjo,maple syrup,lion,opera,dance,song,attention I1,garbage,clap,pond,potatoes,cave,sad,yellow,cats,look left
1182,generic,100,100,100,100,100,100,100,100,100,99,100,100,100,100,100,100,Latino/Hispanic,Man (including Trans Male/Trans Man),English,29,Male,White,United States,United States,United States,English,No,Full-Time,opera,attention I1,song,window,look left,pond,yellow,banjo,clap,cats,potatoes,lion,cave,garbage,maple syrup,sad,dance
1183,specific,90,51,85,23,3,11,10,10,10,6,1,91,5,82,26,12,Latino/Hispanic,Woman (including Trans Female/Trans Woman),English,25,Female,Mixed,United States,United States,United States,English,No,Unemployed (and job seeking),lion,sad,attention I1,potatoes,banjo,opera,cave,clap,window,song,garbage,cats,pond,look left,dance,yellow,maple syrup
1184,baseline,42,9,26,24,30,75,25,18,32,32,72,24,8,6,51,24,White/Caucasian,Woman (including Trans Female/Trans Woman),English,30,Female,White,United States,United States,United States,English,No,Full-Time,song,look left,opera,yellow,lion,cave,banjo,window,garbage,pond,cats,clap,potatoes,sad,maple syrup,dance,attention I1
1185,generic,8,4,10,32,100,84,83,37,88,20,44,75,67,60,92,29,White/Caucasian,Man (including Trans Male/Trans Man),English,71,Male,White,United States,United States,United States,English,No,"Not in paid work (e.g. homemaker', 'retired or disabled)",look left,banjo,clap,yellow,window,pond,song,potatoes,dance,cats,cave,maple syrup,garbage,sad,lion,attention I1,opera
1186,baseline,2,16,13,20,2,20,7,2,2,12,50,8,10,7,5,12,Black/African American,Woman (including Trans Female/Trans Woman),English,35,Female,Black,United States,United States,United States,English,DATA_EXPIRED,DATA_EXPIRED,banjo,dance,window,garbage,clap,sad,pond,cats,opera,look left,potatoes,attention I1,lion,song,cave,maple syrup,yellow
1187,generic,6,25,50,75,50,100,24,92,25,100,100,100,100,11,100,90,White/Caucasian,Man (including Trans Male/Trans Man),English,24,Female,White,United States,United States,United States,English,Yes,Unemployed (and job seeking),cats,maple syrup,window,clap,banjo,sad,potatoes,cave,song,look left,dance,attention I1,yellow,lion,opera,garbage,pond
1188,specific,21,12,44,37,38,7,41,25,10,40,9,43,18,7,41,20,South East Asian,Woman (including Trans Female/Trans Woman),"Dutch, English",26,Female,Asian,Netherlands,United States,United States,Dutch,No,Unemployed (and job seeking),maple syrup,sad,cats,attention I1,garbage,cave,song,lion,look left,opera,banjo,clap,dance,window,pond,potatoes,yellow
1189,generic,35,15,32,25,23,38,56,90,11,74,50,75,25,10,62,38,White/Caucasian,Man (including Trans Male/Trans Man),English,54,Male,White,United States,United States,United States,English,No,Part-Time,attention I1,maple syrup,window,dance,banjo,song,potatoes,lion,cave,pond,cats,garbage,opera,clap,sad,yellow,look left
1190,specific,24,5,42,26,39,1,1,82,2,50,25,23,6,2,49,15,White/Caucasian,Woman (including Trans Female/Trans Woman),English,32,Female,White,United States,United States,United States,English,DATA_EXPIRED,DATA_EXPIRED,attention I1,cats,garbage,sad,pond,yellow,cave,clap,opera,look left,dance,banjo,window,maple syrup,song,lion,potatoes
1191,specific,66,24,50,37,87,61,10,63,33,36,49,50,65,61,50,15,Black/African American,Woman (including Trans Female/Trans Woman),English,20,Female,Black,United States,United States,United States,English,Yes,Part-Time,song,dance,attention I1,maple syrup,pond,window,cats,banjo,look left,clap,garbage,cave,yellow,sad,potatoes,opera,lion
1192,baseline,100,23,36,20,5,4,11,4,5,13,36,25,5,4,100,100,White/Caucasian,Man (including Trans Male/Trans Man),English,62,Male,White,United States,United States,United States,English,No,"Not in paid work (e.g. homemaker', 'retired or disabled)",lion,attention I1,pond,song,window,sad,banjo,cats,potatoes,maple syrup,opera,look left,clap,yellow,garbage,cave,dance
1193,generic,3,5,50,15,20,25,40,2,1,4,25,60,5,10,55,10,White/Caucasian,Woman (including Trans Female/Trans Woman),English,68,Female,White,United States,United States,United States,English,No,Full-Time,clap,lion,potatoes,attention I1,window,dance,opera,pond,garbage,song,sad,yellow,banjo,cats,cave,maple syrup,look left
1194,generic,100,100,100,100,100,100,100,100,100,100,100,100,100,100,100,100,East Asian,Woman (including Trans Female/Trans Woman),English,22,Female,Asian,United States,United States,United States,English,Yes,DATA_EXPIRED,window,attention I1,pond,yellow,sad,opera,clap,maple syrup,cave,cats,potatoes,song,garbage,banjo,dance,lion,look left
1195,baseline,3,6,12,9,4,3,6,5,4,20,9,18,14,4,7,3,East Asian,Woman (including Trans Female/Trans Woman),"English, Korean",25,Female,Asian,Korea,United States,United States,Korean,No,Unemployed (and job seeking),sad,garbage,pond,attention I1,maple syrup,potatoes,clap,look left,cats,yellow,cave,banjo,lion,dance,song,window,opera
1196,baseline,72,7,25,6,88,84,81,13,17,17,15,28,13,14,33,12,Mixed,Woman (including Trans Female/Trans Woman),English,19,Female,Mixed,United States,United States,United States,English,Yes,DATA_EXPIRED,dance,potatoes,lion,yellow,banjo,cave,opera,sad,maple syrup,garbage,clap,window,song,pond,attention I1,look left,cats
1197,specific,39,28,58,38,20,59,23,35,29,29,65,67,72,57,81,57,White/Caucasian,Man (including Trans Male/Trans Man),English,23,Male,White,United States,United States,United States,English,Yes,Unemployed (and job seeking),cave,garbage,dance,maple syrup,clap,banjo,window,potatoes,opera,yellow,song,attention I1,lion,pond,sad,cats,look left
1198,generic,100,77,57,100,50,100,100,100,87,98,100,100,49,89,76,100,Mixed,Woman (including Trans Female/Trans Woman),English,28,Female,Other,United States,United States,United States,Spanish,Yes,Other,cats,opera,maple syrup,lion,dance,yellow,look left,window,banjo,attention I1,cave,garbage,song,sad,potatoes,clap,pond
1199,baseline,41,42,43,39,37,47,50,39,24,41,40,45,38,47,39,38,White/Caucasian,Woman (including Trans Female/Trans Woman),English,22,Female,White,United States,United States,United States,English,Yes,Full-Time,sad,cats,song,attention I1,clap,cave,pond,yellow,maple syrup,look left,potatoes,lion,window,dance,opera,banjo,garbage
1200,specific,36,38,27,26,16,35,60,51,14,25,29,60,21,24,59,58,East Asian,Woman (including Trans Female/Trans Woman),"English, Korean",25,Female,Asian,Korea,United States,United States,Korean,Yes,Part-Time,attention I1,cave,song,yellow,pond,maple syrup,garbage,banjo,clap,sad,dance,window,cats,opera,potatoes,look left,lion
1201,generic,22,24,60,69,17,58,6,11,8,65,87,77,36,13,83,38,White/Caucasian,Woman (including Trans Female/Trans Woman),English,30,Female,White,United States,United States,United States,English,No,Other,cats,dance,cave,attention I1,garbage,clap,window,pond,song,banjo,potatoes,look left,lion,sad,opera,yellow,maple syrup
1202,baseline,90,46,21,10,79,90,29,57,38,44,71,31,14,84,77,44,White/Caucasian,Woman (including Trans Female/Trans Woman),English,45,Female,White,United States,United States,United States,English,No,"Not in paid work (e.g. homemaker', 'retired or disabled)",pond,dance,attention I1,cats,window,maple syrup,lion,cave,potatoes,song,yellow,banjo,opera,sad,garbage,clap,look left
1203,baseline,10,1,25,1,50,1,10,5,5,20,5,50,10,1,25,25,White/Caucasian,Woman (including Trans Female/Trans Woman),English,28,Female,White,United States,United States,United States,English,Yes,Full-Time,yellow,banjo,song,garbage,opera,pond,clap,maple syrup,look left,window,sad,potatoes,cats,dance,lion,cave,attention I1
1204,baseline,16,26,38,35,100,16,50,21,50,25,36,33,50,25,50,21,White/Caucasian,Man (including Trans Male/Trans Man),English,25,Male,White,United States,United States,United States,English,No,DATA_EXPIRED,opera,window,pond,attention I1,banjo,lion,cave,potatoes,garbage,dance,look left,song,maple syrup,clap,yellow,sad,cats
1205,generic,100,100,1,1,100,100,100,100,100,1,1,1,100,100,100,100,Middle Eastern,Man (including Trans Male/Trans Man),"English, Turkish",57,Male,White,Turkey,United States,United States,Turkish,No,Unemployed (and job seeking),look left,yellow,potatoes,song,pond,maple syrup,clap,window,banjo,sad,cats,opera,lion,cave,attention I1,dance,garbage
1206,generic,100,100,100,100,100,100,100,100,100,100,100,100,100,100,100,100,East Asian,Man (including Trans Male/Trans Man),English,23,Male,Asian,United States,United States,United States,English,No,Unemployed (and job seeking),clap,cats,song,window,maple syrup,pond,attention I1,cave,opera,yellow,garbage,lion,potatoes,look left,banjo,dance,sad
1207,generic,75,1,25,50,100,1,70,1,10,33,10,46,35,1,25,5,White/Caucasian,Woman (including Trans Female/Trans Woman),English,51,Female,White,United States,United States,United States,English,No,DATA_EXPIRED,cave,banjo,pond,look left,song,dance,potatoes,opera,lion,maple syrup,garbage,sad,window,clap,attention I1,yellow,cats
1208,specific,77,74,35,86,7,39,56,94,3,16,97,92,22,62,70,92,White/Caucasian,Non-binary (would like to give more detail),English,22,Female,White,United States,United States,United States,English,Yes,Part-Time,window,look left,cats,pond,sad,opera,cave,song,yellow,clap,potatoes,banjo,garbage,attention I1,maple syrup,dance,lion
1209,specific,0,3,25,21,49,24,25,19,0,61,85,76,2,2,50,26,Caribbean,Woman (including Trans Female/Trans Woman),English,23,Female,Black,United States,United States,United States,English,DATA_EXPIRED,DATA_EXPIRED,song,garbage,clap,yellow,potatoes,lion,pond,sad,attention I1,cave,opera,look left,maple syrup,window,cats,banjo,dance
1210,baseline,50,20,85,40,70,75,60,35,25,25,100,50,25,15,75,40,Middle Eastern,Man (including Trans Male/Trans Man),"English, Hindi",22,Male,Asian,United States,United States,United States,English,DATA_EXPIRED,DATA_EXPIRED,pond,window,cave,maple syrup,sad,clap,dance,look left,song,opera,garbage,lion,cats,yellow,attention I1,potatoes,banjo
1211,generic,9,3,11,13,23,3,20,3,13,10,15,32,25,5,5,21,White/Caucasian,Man (including Trans Male/Trans Man),English,50,Male,White,United States,United States,United States,English,No,Full-Time,yellow,opera,maple syrup,pond,lion,potatoes,song,cats,look left,window,sad,garbage,banjo,attention I1,cave,clap,dance
1212,specific,6,1,8,4,5,1,5,3,1,14,10,15,1,1,10,1,White / Sephardic Jew,Woman (including Trans Female/Trans Woman),English,55,Female,White,United States,United States,United States,English,No,"Not in paid work (e.g. homemaker', 'retired or disabled)",clap,banjo,garbage,pond,look left,potatoes,attention I1,dance,opera,cave,cats,sad,maple syrup,lion,window,song,yellow
1213,specific,19,10,49,41,49,8,5,15,2,63,50,72,16,0,25,11,Black/African American,Woman (including Trans Female/Trans Woman),English,26,Female,Black,United States,United States,United States,English,No,Full-Time,garbage,lion,maple syrup,pond,yellow,clap,sad,song,banjo,potatoes,cats,opera,dance,cave,attention I1,look left,window
1214,generic,29,24,70,39,81,83,52,51,16,23,45,82,16,23,39,59,White/Caucasian,Woman (including Trans Female/Trans Woman),English,49,Female,White,United States,United States,United States,English,No,"Not in paid work (e.g. homemaker', 'retired or disabled)",clap,pond,sad,song,cave,potatoes,look left,cats,maple syrup,banjo,dance,opera,garbage,lion,attention I1,window,yellow
1215,specific,18,8,76,15,4,3,1,10,6,25,9,69,37,1,50,36,White/Caucasian,Woman (including Trans Female/Trans Woman),English,23,Female,White,United States,United States,United States,English,Yes,Other,banjo,attention I1,maple syrup,clap,opera,garbage,lion,dance,pond,song,cats,sad,window,potatoes,yellow,cave,look left
1216,specific,20,15,29,18,42,19,18,29,16,29,84,38,12,4,14,10,White/Caucasian,Man (including Trans Male/Trans Man),English,46,Male,White,United States,United States,United States,English,No,Full-Time,look left,potatoes,cave,maple syrup,cats,pond,yellow,song,banjo,dance,clap,sad,garbage,window,opera,lion,attention I1
1217,baseline,17,1,11,70,94,8,40,7,0,40,39,0,6,66,37,1,White/Caucasian,Woman (including Trans Female/Trans Woman),English,24,Female,White,United States,United States,United States,English,Yes,Full-Time,banjo,pond,opera,cats,song,dance,attention I1,sad,cave,garbage,look left,potatoes,lion,clap,window,maple syrup,yellow
1218,baseline,10,35,75,35,60,70,5,65,25,15,90,20,40,40,95,70,White/Caucasian,Man (including Trans Male/Trans Man),English,35,Male,White,United States,United States,United States,English,No,Part-Time,window,opera,sad,garbage,potatoes,lion,dance,yellow,maple syrup,attention I1,pond,look left,cats,clap,banjo,song,cave
1219,baseline,100,25,37,100,36,25,100,51,1,6,84,25,50,12,51,100,Mixed,Man (including Trans Male/Trans Man),English,51,Male,White,United States,United States,United States,English,No,Unemployed (and job seeking),lion,clap,cats,opera,window,garbage,song,dance,attention I1,banjo,look left,yellow,maple syrup,pond,sad,cave,potatoes
1220,generic,13,1,39,16,41,15,16,63,4,41,82,91,76,32,40,84,White/Caucasian,Woman (including Trans Female/Trans Woman),English,69,Female,White,United States,United States,United States,English,DATA_EXPIRED,DATA_EXPIRED,maple syrup,potatoes,dance,cave,pond,lion,clap,window,garbage,banjo,opera,yellow,attention I1,sad,cats,look left,song
1221,baseline,94,92,69,50,76,51,3,8,38,44,91,76,15,3,57,30,White/Caucasian,Man (including Trans Male/Trans Man),English,43,Male,White,United States,United States,United States,English,DATA_EXPIRED,DATA_EXPIRED,song,pond,yellow,maple syrup,dance,cats,opera,window,cave,banjo,clap,look left,sad,attention I1,potatoes,garbage,lion
1222,specific,10,1,5,20,25,1,15,10,5,20,1,65,5,1,10,1,White/Caucasian,Woman (including Trans Female/Trans Woman),English,39,Female,White,United States,United States,United States,English,No,Full-Time,look left,cats,yellow,song,attention I1,opera,cave,window,pond,potatoes,clap,banjo,garbage,sad,maple syrup,lion,dance
1223,generic,18,26,31,24,18,6,51,12,22,18,17,39,13,3,25,10,Black/African American,Rather not say,English,36,Female,Mixed,United States,United States,United States,English,DATA_EXPIRED,DATA_EXPIRED,opera,cave,pond,lion,banjo,attention I1,clap,song,garbage,sad,dance,maple syrup,window,potatoes,look left,yellow,cats
1224,generic,0,0,2,5,1,1,29,1,5,0,10,60,25,0,7,5,Latino/Hispanic,Man (including Trans Male/Trans Man),"English, Spanish",34,Male,Mixed,United States,United States,United States,Spanish,No,Unemployed (and job seeking),yellow,dance,banjo,garbage,clap,pond,cats,opera,maple syrup,cave,attention I1,lion,sad,window,look left,potatoes,song
1225,specific,20,1,10,10,12,1,8,1,2,24,50,70,5,2,8,5,White/Caucasian,Woman (including Trans Female/Trans Woman),English,56,Female,White,Kenya,United States,United States,English,No,Full-Time,dance,banjo,attention I1,yellow,cave,garbage,pond,maple syrup,song,sad,cats,opera,clap,potatoes,look left,window,lion
1226,baseline,87,75,63,21,79,88,84,26,56,10,94,73,41,23,94,82,White/Caucasian,Woman (including Trans Female/Trans Woman),English,64,Female,White,United States,United States,United States,English,No,Part-Time,lion,clap,banjo,opera,attention I1,maple syrup,song,dance,sad,cave,garbage,yellow,pond,window,cats,potatoes,look left
1227,generic,25,16,40,61,50,89,4,72,17,5,63,75,71,77,16,35,White/Caucasian,Man (including Trans Male/Trans Man),"English, Japanese, Spanish",24,Male,White,United States,United States,United States,English,No,Full-Time,yellow,banjo,pond,song,attention I1,clap,look left,cave,sad,dance,cats,garbage,window,opera,potatoes,lion,maple syrup
1228,generic,15,37,64,40,50,87,3,39,9,0,76,47,23,23,75,45,White/Caucasian,Woman (including Trans Female/Trans Woman),English,28,Female,White,United States,United States,United States,English,No,Other,opera,dance,cats,attention I1,yellow,maple syrup,clap,song,look left,window,banjo,pond,cave,sad,potatoes,lion,garbage
1229,baseline,97,24,62,28,68,96,100,76,25,50,78,52,62,98,93,50,Latino/Hispanic,Woman (including Trans Female/Trans Woman),"English, Spanish, Italian",37,Female,White,DATA_EXPIRED,United States,United States,Spanish,DATA_EXPIRED,DATA_EXPIRED,garbage,maple syrup,pond,song,dance,look left,sad,yellow,cave,clap,window,opera,attention I1,banjo,potatoes,cats,lion
1230,baseline,55,47,39,17,6,75,50,72,25,2,69,65,15,36,57,9,White/Caucasian,Woman (including Trans Female/Trans Woman),English,63,Female,White,United States,United States,United States,English,DATA_EXPIRED,DATA_EXPIRED,sad,pond,attention I1,dance,cats,clap,banjo,song,window,cave,yellow,look left,lion,garbage,potatoes,opera,maple syrup
1231,specific,50,2,9,11,50,86,9,84,75,24,8,93,11,77,76,10,South East Asian,Woman (including Trans Female/Trans Woman),English,36,Female,Asian,United States,United States,United States,Tagalog-Filipino,No,Full-Time,look left,yellow,sad,pond,window,dance,clap,cats,potatoes,garbage,song,maple syrup,opera,attention I1,banjo,cave,lion
1232,baseline,45,45,40,35,50,55,10,50,40,50,75,30,35,45,60,50,White/Caucasian,Man (including Trans Male/Trans Man),English,27,Male,White,United States,United States,United States,English,No,Unemployed (and job seeking),maple syrup,potatoes,lion,clap,cave,pond,attention I1,dance,window,cats,yellow,look left,song,garbage,banjo,opera,sad
1233,specific,0,0,1,2,90,0,2,1,15,1,2,10,25,0,3,0,White/Caucasian,Woman (including Trans Female/Trans Woman),English,61,Female,White,United States,United States,United States,English,No,Part-Time,look left,attention I1,garbage,clap,cats,banjo,sad,maple syrup,dance,pond,lion,opera,cave,potatoes,window,yellow,song
1234,specific,1,1,24,12,56,3,6,3,5,11,3,21,1,1,66,6,Mixed,Woman (including Trans Female/Trans Woman),English,60,Female,Mixed,United States,United States,United States,English,No,Full-Time,window,dance,song,potatoes,maple syrup,clap,lion,opera,cave,garbage,look left,banjo,sad,pond,cats,attention I1,yellow
1235,specific,10,1,5,5,2,2,1,2,3,10,3,20,5,20,10,5,White/Caucasian,Man (including Trans Male/Trans Man),English,53,Male,White,United States,United States,United States,English,No,DATA_EXPIRED,garbage,cave,song,attention I1,banjo,yellow,window,potatoes,maple syrup,pond,opera,dance,look left,lion,cats,clap,sad
1236,specific,40,50,25,50,35,40,25,35,50,40,50,35,60,60,25,50,Black/African American,Man (including Trans Male/Trans Man),English,47,Male,Black,United States,United States,United States,English,Yes,Full-Time,banjo,look left,cats,garbage,clap,potatoes,song,window,lion,attention I1,dance,pond,sad,maple syrup,yellow,cave,opera
1237,baseline,56,47,73,45,75,25,90,18,10,48,60,40,10,2,83,18,White/Caucasian,Man (including Trans Male/Trans Man),English,19,Male,White,United States,United States,United States,English,Yes,Part-Time,banjo,window,cats,song,clap,opera,yellow,garbage,look left,lion,attention I1,cave,potatoes,dance,maple syrup,sad,pond
1238,generic,0,0,1,0,50,0,0,0,18,23,76,100,0,0,10,0,White/Caucasian,Man (including Trans Male/Trans Man),English,67,Male,White,United States,United States,United States,English,No,"Not in paid work (e.g. homemaker', 'retired or disabled)",potatoes,sad,yellow,cave,banjo,attention I1,opera,dance,clap,lion,maple syrup,garbage,pond,window,song,cats,look left
1239,generic,0,1,2,1,3,0,0,1,1,5,5,85,5,1,5,1,White/Caucasian,Man (including Trans Male/Trans Man),English,59,Male,White,United States,United States,United States,English,No,Unemployed (and job seeking),potatoes,cave,song,cats,clap,banjo,pond,sad,opera,attention I1,lion,yellow,dance,window,look left,maple syrup,garbage
1240,generic,15,5,10,20,10,50,25,5,5,20,75,90,14,10,5,25,Mixed,Man (including Trans Male/Trans Man),English,30,Male,Mixed,United States,United States,United States,English,No,Full-Time,potatoes,garbage,dance,cave,opera,song,pond,look left,lion,clap,maple syrup,window,cats,sad,attention I1,banjo,yellow
1241,specific,50,50,50,50,50,50,50,50,50,50,50,50,50,50,50,50,Latino/Hispanic,Man (including Trans Male/Trans Man),"English, Spanish",27,Male,Other,United States,United States,United States,Spanish,No,Full-Time,attention I1,clap,opera,lion,sad,banjo,cats,cave,yellow,garbage,dance,look left,potatoes,song,maple syrup,window,pond
1242,generic,95,50,50,33,75,100,25,50,96,5,94,25,100,100,100,100,White/Caucasian,Man (including Trans Male/Trans Man),English,38,Male,White,United States,United States,United States,English,No,DATA_EXPIRED,sad,opera,yellow,look left,song,cave,dance,cats,window,lion,attention I1,clap,maple syrup,pond,banjo,potatoes,garbage
1243,specific,25,25,15,5,50,1,5,1,50,1,75,35,1,1,75,12,Mixed,Woman (including Trans Female/Trans Woman),English,37,Female,White,United States,United States,United States,English,No,Other,look left,dance,lion,cats,maple syrup,garbage,pond,banjo,clap,cave,song,window,opera,potatoes,attention I1,yellow,sad
1244,baseline,50,1,25,20,25,1,10,1,25,10,25,50,25,25,50,1,White/Caucasian,Woman (including Trans Female/Trans Woman),English,42,Female,White,United States,United States,United States,English,No,Full-Time,garbage,dance,sad,clap,maple syrup,lion,banjo,attention I1,opera,cave,song,yellow,cats,pond,window,look left,potatoes
1245,baseline,4,1,62,9,25,3,10,1,20,10,4,64,24,1,8,2,White/Caucasian,Woman (including Trans Female/Trans Woman),English,38,Female,White,United States,United States,United States,English,No,Full-Time,sad,clap,opera,lion,song,window,maple syrup,garbage,banjo,look left,dance,pond,cave,potatoes,cats,yellow,attention I1
1246,specific,1,5,15,20,15,2,20,1,15,11,5,30,6,5,35,15,East Asian,Man (including Trans Male/Trans Man),"Chinese, English",20,Male,Asian,United States,United States,United States,Chinese,Yes,Part-Time,song,cats,clap,cave,opera,sad,window,lion,attention I1,garbage,potatoes,dance,maple syrup,yellow,banjo,pond,look left
1247,generic,40,41,27,54,51,40,35,34,55,46,41,57,48,44,39,43,Black/African American,Man (including Trans Male/Trans Man),English,32,Male,Black,United States,United States,United States,English,DATA_EXPIRED,DATA_EXPIRED,pond,garbage,cave,banjo,attention I1,clap,window,sad,dance,potatoes,cats,maple syrup,yellow,look left,lion,opera,song
1248,specific,63,62,87,78,7,67,63,77,3,87,82,89,14,74,74,85,White/Caucasian,Woman (including Trans Female/Trans Woman),English,59,Female,White,United States,United States,United States,English,No,Full-Time,window,dance,cats,sad,cave,lion,clap,maple syrup,potatoes,yellow,attention I1,pond,opera,song,look left,banjo,garbage
1249,baseline,64,67,14,11,74,84,97,29,14,24,49,45,5,62,87,26,White/Caucasian,Woman (including Trans Female/Trans Woman),English,59,Female,White,United States,United States,United States,English,No,DATA_EXPIRED,look left,opera,sad,song,garbage,yellow,attention I1,cave,window,clap,maple syrup,dance,lion,banjo,pond,potatoes,cats
1250,baseline,20,45,30,35,25,5,50,10,35,20,40,60,5,30,50,30,Black/African American,Man (including Trans Male/Trans Man),English,36,Male,Black,United States,United States,United States,English,No,Unemployed (and job seeking),garbage,dance,sad,look left,song,pond,attention I1,potatoes,opera,yellow,maple syrup,cats,cave,banjo,lion,window,clap
1251,specific,24,53,48,59,34,54,27,25,25,26,67,89,68,73,67,100,Latino/Hispanic,Man (including Trans Male/Trans Man),"English, Spanish",30,Male,Other,United States,United States,United States,English,Yes,Full-Time,look left,attention I1,dance,potatoes,yellow,maple syrup,clap,garbage,banjo,cave,opera,song,sad,lion,cats,pond,window
1252,baseline,1,4,37,6,25,1,76,2,10,28,12,76,24,1,4,1,White/Caucasian,Woman (including Trans Female/Trans Woman),English,48,Female,Mixed,United States,United States,United States,English,No,Full-Time,look left,attention I1,opera,cats,dance,pond,yellow,banjo,maple syrup,garbage,cave,clap,lion,window,sad,potatoes,song
1253,specific,5,1,10,4,25,1,40,2,5,8,5,10,2,1,40,3,White/Caucasian,Man (including Trans Male/Trans Man),English,35,Male,White,United States,United States,United States,English,DATA_EXPIRED,DATA_EXPIRED,song,attention I1,pond,window,cats,clap,dance,potatoes,yellow,cave,sad,look left,lion,opera,garbage,maple syrup,banjo
1254,baseline,50,56,25,34,38,70,64,36,16,25,90,62,15,11,25,24,White/Caucasian,Woman (including Trans Female/Trans Woman),English,53,Female,White,United States,United States,United States,English,DATA_EXPIRED,DATA_EXPIRED,yellow,song,look left,opera,window,cats,sad,maple syrup,cave,attention I1,pond,garbage,banjo,lion,dance,potatoes,clap
1255,baseline,24,10,10,5,1,88,66,25,2,50,76,95,10,25,75,10,White/Caucasian,Woman (including Trans Female/Trans Woman),English,69,Female,White,United States,United States,United States,English,No,"Not in paid work (e.g. homemaker', 'retired or disabled)",garbage,window,dance,banjo,attention I1,cats,clap,lion,sad,opera,cave,potatoes,look left,yellow,song,maple syrup,pond
1256,generic,5,5,5,5,1,5,0,1,5,5,10,75,1,1,10,2,White/Caucasian,Man (including Trans Male/Trans Man),English,46,Male,White,United States,United States,United States,English,No,Unemployed (and job seeking),song,cats,clap,potatoes,cave,lion,dance,banjo,opera,look left,yellow,maple syrup,sad,attention I1,garbage,window,pond
1257,generic,31,5,69,0,3,2,1,3,0,1,0,18,9,0,11,57,Latino/Hispanic,Man (including Trans Male/Trans Man),"English, Spanish",28,Male,Other,United States,United States,United States,Spanish,Yes,Full-Time,yellow,potatoes,cats,window,song,banjo,lion,maple syrup,garbage,clap,sad,cave,pond,opera,look left,attention I1,dance
1258,baseline,5,1,20,1,25,65,5,5,10,10,70,40,35,4,15,1,White/Caucasian,Man (including Trans Male/Trans Man),English,40,Male,White,United States,United States,United States,English,No,Full-Time,maple syrup,lion,potatoes,banjo,cave,sad,yellow,opera,attention I1,pond,look left,cats,clap,garbage,song,window,dance
1259,specific,20,30,40,40,40,25,25,15,20,50,35,35,32,15,45,43,Black/African American,Man (including Trans Male/Trans Man),English,40,Male,Black,United Kingdom,United States,United States,English,DATA_EXPIRED,DATA_EXPIRED,clap,maple syrup,garbage,song,cave,potatoes,opera,banjo,lion,dance,attention I1,pond,yellow,sad,look left,cats,window
1260,baseline,1,1,2,1,1,1,10,1,10,10,50,50,1,1,10,10,White/Caucasian,Man (including Trans Male/Trans Man),English,45,Male,White,United States,United States,United States,English,No,Full-Time,pond,opera,cats,look left,attention I1,garbage,yellow,potatoes,dance,clap,cave,song,window,banjo,lion,maple syrup,sad
1261,specific,30,40,90,40,52,95,41,60,60,5,85,25,70,80,95,83,White/Caucasian,Man (including Trans Male/Trans Man),English,27,Male,White,United States,United States,United States,English,No,"Not in paid work (e.g. homemaker', 'retired or disabled)",cats,opera,garbage,attention I1,banjo,song,window,yellow,sad,potatoes,pond,look left,dance,clap,maple syrup,cave,lion
1262,baseline,57,15,10,16,46,57,100,6,7,7,76,50,5,24,6,4,Mixed,Man (including Trans Male/Trans Man),English,20,Male,Mixed,United States,United States,United States,English,DATA_EXPIRED,DATA_EXPIRED,garbage,song,potatoes,banjo,cave,cats,pond,attention I1,maple syrup,window,look left,clap,lion,yellow,dance,opera,sad
1263,baseline,50,50,50,50,50,50,50,50,50,50,50,50,50,50,50,50,White/Caucasian,Man (including Trans Male/Trans Man),English,41,Male,White,United States,United States,United States,English,No,Full-Time,sad,song,yellow,lion,cats,window,look left,maple syrup,dance,clap,cave,garbage,pond,attention I1,banjo,opera,potatoes
1264,generic,100,33,5,3,50,88,1,1,2,15,10,30,5,1,99,80,White/Caucasian,Man (including Trans Male/Trans Man),English,42,Male,White,United States,United States,United States,English,No,Unemployed (and job seeking),banjo,attention I1,opera,sad,potatoes,look left,garbage,cats,cave,maple syrup,yellow,dance,window,lion,pond,song,clap
1265,baseline,25,50,25,8,100,100,100,34,1,25,100,25,100,100,10,50,White/Caucasian,Man (including Trans Male/Trans Man),English,33,Male,White,United States,United States,United States,English,No,"Not in paid work (e.g. homemaker', 'retired or disabled)",yellow,banjo,attention I1,cats,clap,cave,opera,pond,maple syrup,sad,lion,look left,potatoes,garbage,song,dance,window
1266,baseline,81,11,43,26,25,24,50,20,34,23,50,62,24,21,75,25,White/Caucasian,Woman (including Trans Female/Trans Woman),English,71,Female,White,United States,United States,United States,English,No,"Not in paid work (e.g. homemaker', 'retired or disabled)",sad,opera,banjo,cats,look left,window,attention I1,lion,garbage,yellow,potatoes,song,pond,cave,dance,maple syrup,clap
1267,generic,58,15,63,73,56,43,38,65,36,47,66,83,58,60,72,62,Black/African American,Man (including Trans Male/Trans Man),English,38,Male,Black,DATA_EXPIRED,United States,United States,English,DATA_EXPIRED,DATA_EXPIRED,look left,potatoes,banjo,dance,clap,window,maple syrup,song,cats,cave,attention I1,lion,opera,garbage,pond,yellow,sad
1268,baseline,95,25,15,5,5,100,100,1,1,10,100,75,5,1,70,50,White/Caucasian,Man (including Trans Male/Trans Man),English,47,Male,White,United States,United States,United States,English,No,Unemployed (and job seeking),yellow,lion,sad,dance,window,maple syrup,clap,garbage,look left,song,cave,potatoes,opera,banjo,attention I1,cats,pond
1269,baseline,70,5,15,50,75,25,75,25,35,35,75,40,50,25,90,75,White/Caucasian,Man (including Trans Male/Trans Man),English,36,Male,White,United States,United States,United States,English,No,Full-Time,look left,banjo,attention I1,yellow,garbage,potatoes,lion,song,clap,window,sad,opera,dance,cave,cats,maple syrup,pond
1270,baseline,60,1,51,11,5,1,4,39,16,11,29,25,42,23,78,6,White/Caucasian,Woman (including Trans Female/Trans Woman),English,34,Female,White,United States,United States,United States,English,DATA_EXPIRED,DATA_EXPIRED,potatoes,cats,attention I1,dance,sad,banjo,pond,clap,cave,song,lion,maple syrup,opera,yellow,garbage,window,look left
1271,baseline,97,35,30,94,28,95,12,22,2,94,3,89,64,1,8,25,White/Caucasian,Man (including Trans Male/Trans Man),English,21,Male,White,United States,United States,United States,English,Yes,Full-Time,sad,banjo,look left,attention I1,opera,dance,song,garbage,cats,pond,yellow,potatoes,window,lion,clap,cave,maple syrup
1272,generic,1,13,10,6,1,5,5,1,4,63,100,50,13,50,1,1,NA,NA,NA,NA,NA,NA,NA,NA,NA,NA,NA,NA,song,potatoes,look left,opera,banjo,pond,attention I1,cave,clap,cats,maple syrup,yellow,dance,sad,window,garbage,lion
1273,baseline,61,3,8,25,100,20,76,51,16,34,89,97,13,5,79,30,White/Caucasian,Woman (including Trans Female/Trans Woman),"English, Spanish, Norwegian, Danish",40,Female,White,Italy,United States,United States,English,DATA_EXPIRED,DATA_EXPIRED,opera,garbage,cats,potatoes,maple syrup,clap,window,dance,lion,sad,banjo,pond,yellow,attention I1,look left,song,cave
1274,baseline,54,55,55,53,55,54,52,57,53,54,53,61,54,55,53,54,White/Caucasian,Man (including Trans Male/Trans Man),English,32,Male,White,United States,United States,United States,English,No,Full-Time,song,attention I1,yellow,potatoes,look left,maple syrup,lion,garbage,opera,cats,window,banjo,clap,cave,dance,sad,pond
1275,generic,24,39,23,26,19,37,21,29,42,87,49,88,40,13,11,59,East Asian,Man (including Trans Male/Trans Man),English,21,Male,Asian,United States,United States,United States,English,DATA_EXPIRED,DATA_EXPIRED,lion,potatoes,clap,look left,sad,yellow,song,opera,window,cats,dance,maple syrup,cave,attention I1,garbage,pond,banjo
1276,specific,10,2,16,13,34,11,7,25,7,14,63,48,52,34,5,15,White/Caucasian,Woman (including Trans Female/Trans Woman),English,52,Female,White,United States,United States,United States,English,DATA_EXPIRED,DATA_EXPIRED,maple syrup,window,potatoes,song,dance,look left,sad,banjo,yellow,attention I1,lion,clap,pond,garbage,opera,cats,cave
1277,baseline,76,18,15,5,85,89,87,11,15,10,75,10,16,4,50,25,White/Caucasian,Woman (including Trans Female/Trans Woman),English,59,Female,White,United States,United States,United States,English,No,Full-Time,attention I1,maple syrup,song,banjo,yellow,dance,opera,cats,garbage,potatoes,cave,window,lion,look left,sad,clap,pond
1278,generic,0,1,76,25,39,5,10,48,49,81,4,100,17,1,10,3,White/Caucasian,Woman (including Trans Female/Trans Woman),English,53,Female,White,United States,United States,United States,English,No,Unemployed (and job seeking),sad,opera,song,clap,look left,maple syrup,window,cave,potatoes,attention I1,banjo,dance,lion,cats,yellow,pond,garbage
1279,baseline,31,11,74,12,25,24,37,10,24,23,76,74,51,20,50,52,White/Caucasian,Woman (including Trans Female/Trans Woman),English,61,Female,White,United States,United States,United States,English,DATA_EXPIRED,DATA_EXPIRED,song,cats,look left,clap,banjo,sad,dance,maple syrup,pond,window,attention I1,yellow,cave,lion,opera,garbage,potatoes
1280,baseline,25,24,25,24,50,24,23,25,25,25,24,25,25,24,25,24,White/Caucasian,Man (including Trans Male/Trans Man),English,70,Male,White,United States,United States,United States,English,DATA_EXPIRED,DATA_EXPIRED,yellow,garbage,sad,clap,opera,potatoes,cave,look left,cats,dance,lion,attention I1,banjo,maple syrup,window,song,pond
1281,baseline,35,35,15,12,8,25,40,5,10,10,15,95,15,50,95,90,White/Caucasian,Man (including Trans Male/Trans Man),English,54,Male,White,United States,United States,United States,English,No,Full-Time,yellow,pond,attention I1,garbage,song,sad,clap,window,lion,cats,dance,cave,opera,banjo,look left,maple syrup,potatoes
1282,generic,100,100,100,100,100,100,100,100,100,100,100,100,100,100,100,100,White/Caucasian,Man (including Trans Male/Trans Man),English,52,Male,White,United States,United States,United States,English,No,Part-Time,attention I1,garbage,cave,window,sad,banjo,opera,lion,look left,clap,pond,yellow,maple syrup,song,cats,dance,potatoes
1283,baseline,47,2,18,16,23,75,26,1,44,7,52,36,3,17,21,52,White/Caucasian,Woman (including Trans Female/Trans Woman),English,58,Female,White,United States,United States,United States,English,No,"Not in paid work (e.g. homemaker', 'retired or disabled)",yellow,potatoes,window,maple syrup,lion,opera,attention I1,pond,dance,sad,cave,look left,garbage,cats,clap,banjo,song
1284,generic,75,1,25,10,50,100,0,2,1,50,1,63,100,1,1,1,White/Caucasian,Woman (including Trans Female/Trans Woman),English,69,Female,White,United States,United States,United States,English,No,"Not in paid work (e.g. homemaker', 'retired or disabled)",opera,maple syrup,attention I1,window,look left,sad,clap,cats,garbage,dance,potatoes,pond,yellow,lion,cave,song,banjo
1285,generic,11,2,24,51,24,10,1,5,100,77,100,100,48,2,50,49,White/Caucasian,Woman (including Trans Female/Trans Woman),English,50,Female,White,United States,United States,United States,English,No,"Not in paid work (e.g. homemaker', 'retired or disabled)",cats,cave,song,dance,sad,lion,attention I1,yellow,banjo,pond,garbage,potatoes,clap,window,look left,opera,maple syrup
1286,generic,100,25,50,75,100,100,100,50,25,25,100,50,100,50,100,100,White/Caucasian,Woman (including Trans Female/Trans Woman),English,36,Female,White,United States,United States,United States,English,No,"Not in paid work (e.g. homemaker', 'retired or disabled)",look left,clap,attention I1,window,dance,lion,pond,sad,yellow,garbage,cats,maple syrup,banjo,song,opera,cave,potatoes
1287,generic,2,12,49,50,26,38,51,77,9,76,51,93,15,49,19,99,White/Caucasian,Woman (including Trans Female/Trans Woman),English,41,Female,White,United States,United States,United States,English,No,Part-Time,cave,pond,song,potatoes,cats,window,lion,sad,garbage,look left,clap,dance,banjo,opera,yellow,attention I1,maple syrup
1288,baseline,50,25,50,10,50,50,75,10,1,25,100,50,1,10,100,80,Black/African American,Woman (including Trans Female/Trans Woman),English,43,Female,Black,United States,United States,United States,English,No,Part-Time,lion,maple syrup,song,look left,pond,cave,banjo,window,opera,garbage,attention I1,clap,cats,sad,dance,yellow,potatoes
1289,baseline,80,65,40,25,25,60,15,75,10,15,60,30,10,90,75,25,White/Caucasian,Woman (including Trans Female/Trans Woman),English,27,Female,White,United States,United States,United States,English,No,"Not in paid work (e.g. homemaker', 'retired or disabled)",garbage,potatoes,maple syrup,banjo,attention I1,opera,song,dance,window,cats,yellow,pond,lion,sad,clap,cave,look left
1290,baseline,40,25,65,10,15,5,25,25,50,15,70,15,20,10,80,5,White/Caucasian,Man (including Trans Male/Trans Man),English,52,Male,White,United States,United States,United States,English,No,Full-Time,pond,maple syrup,cave,attention I1,opera,yellow,garbage,window,lion,clap,potatoes,banjo,song,cats,look left,dance,sad
1291,generic,2,1,39,25,3,7,11,1,3,13,12,45,50,2,24,2,White/Caucasian,Woman (including Trans Female/Trans Woman),English,56,Female,White,United States,United States,United States,English,No,Full-Time,clap,garbage,yellow,lion,look left,maple syrup,song,attention I1,cats,cave,potatoes,window,pond,opera,dance,banjo,sad
1292,specific,10,3,2,5,5,10,14,1,3,10,3,12,3,1,6,5,White/Caucasian,Man (including Trans Male/Trans Man),English,57,Male,White,United States,United States,United States,English,No,"Not in paid work (e.g. homemaker', 'retired or disabled)",clap,cave,look left,yellow,opera,lion,dance,cats,window,pond,song,attention I1,sad,banjo,maple syrup,potatoes,garbage
1293,generic,62,46,60,40,56,45,41,57,57,54,66,51,58,78,62,64,White/Caucasian,Woman (including Trans Female/Trans Woman),English,48,Female,White,United States,United States,United States,English,DATA_EXPIRED,Full-Time,lion,opera,clap,attention I1,cats,look left,banjo,dance,garbage,potatoes,window,pond,cave,maple syrup,sad,yellow,song
1294,baseline,61,4,36,20,64,28,56,64,46,36,70,27,28,10,50,47,White/Caucasian,Woman (including Trans Female/Trans Woman),English,31,Female,White,United States,United States,United States,English,Yes,Full-Time,banjo,garbage,lion,clap,pond,sad,cave,opera,look left,dance,cats,window,maple syrup,attention I1,potatoes,yellow,song
1295,specific,25,9,50,25,36,16,24,50,24,12,30,75,40,40,74,30,White/Caucasian,Man (including Trans Male/Trans Man),English,38,Male,White,United States,United States,United States,English,No,DATA_EXPIRED,garbage,look left,maple syrup,cave,clap,cats,pond,lion,sad,window,song,opera,dance,banjo,attention I1,yellow,potatoes
1296,specific,10,20,35,25,25,25,25,15,5,50,30,50,20,10,40,10,White/Caucasian,Woman (including Trans Female/Trans Woman),English,41,Female,White,United States,United States,United States,English,No,"Not in paid work (e.g. homemaker', 'retired or disabled)",song,clap,garbage,lion,opera,sad,yellow,maple syrup,attention I1,window,look left,banjo,cats,dance,cave,pond,potatoes
1297,baseline,17,3,5,10,6,2,18,7,7,4,1,5,7,16,8,3,White/Caucasian,Man (including Trans Male/Trans Man),English,30,Male,White,United States,United States,United States,English,No,Full-Time,banjo,garbage,lion,cats,pond,clap,maple syrup,sad,cave,window,attention I1,potatoes,yellow,look left,dance,song,opera
1298,specific,10,11,7,6,13,13,10,5,4,50,9,79,9,7,5,6,Mixed,Woman (including Trans Female/Trans Woman),English,52,Female,Mixed,United States,United States,United States,English,No,Unemployed (and job seeking),attention I1,opera,song,clap,look left,window,sad,cave,lion,banjo,cats,garbage,potatoes,yellow,pond,dance,maple syrup
1299,generic,75,90,100,25,50,25,10,75,75,1,100,100,24,24,50,75,Latino/Hispanic,Woman (including Trans Female/Trans Woman),"Spanish, English",54,Female,Mixed,Nicaragua,United States,United States,Spanish,No,Unemployed (and job seeking),opera,cave,window,look left,maple syrup,potatoes,song,lion,pond,garbage,clap,attention I1,cats,dance,yellow,sad,banjo
1300,baseline,10,67,40,25,1,5,7,9,5,30,10,5,10,3,57,15,Black/African American,Man (including Trans Male/Trans Man),English,23,Male,Black,United States,United States,United States,English,No,Unemployed (and job seeking),dance,clap,garbage,attention I1,lion,sad,banjo,cats,look left,potatoes,cave,yellow,song,maple syrup,pond,window,opera
1301,baseline,1,0,5,9,12,0,1,1,1,21,1,41,3,2,3,1,White/Caucasian,Man (including Trans Male/Trans Man),English,34,Male,White,United States,United States,United States,English,No,Full-Time,banjo,clap,window,sad,garbage,dance,cats,attention I1,potatoes,song,pond,look left,opera,maple syrup,lion,yellow,cave
1302,specific,25,10,70,25,40,60,35,60,5,10,50,50,50,30,70,70,White/Caucasian,Man (including Trans Male/Trans Man),English,31,Male,White,United States,United States,United States,English,No,Full-Time,cave,pond,dance,banjo,clap,lion,cats,sad,opera,potatoes,attention I1,garbage,song,look left,maple syrup,window,yellow
1303,specific,50,25,25,10,9,36,0,24,35,50,65,25,25,75,86,69,White/Caucasian,Man (including Trans Male/Trans Man),English,40,Male,White,United States,United States,United States,English,No,Full-Time,lion,attention I1,maple syrup,clap,look left,window,cats,potatoes,dance,opera,yellow,song,pond,banjo,garbage,cave,sad
1304,specific,0,45,78,5,4,6,0,25,1,17,8,62,10,0,50,0,Black/African American,Woman (including Trans Female/Trans Woman),English,48,Female,Black,United States,United States,United States,English,No,Unemployed (and job seeking),banjo,cave,opera,garbage,pond,maple syrup,sad,attention I1,song,yellow,look left,clap,lion,cats,window,dance,potatoes
1305,generic,1,0,3,1,0,1,0,1,1,2,0,5,1,0,1,25,White/Caucasian,Man (including Trans Male/Trans Man),English,64,Male,White,United States,United States,United States,English,No,"Not in paid work (e.g. homemaker', 'retired or disabled)",opera,cave,cats,pond,banjo,garbage,sad,clap,look left,potatoes,window,song,maple syrup,attention I1,yellow,lion,dance
1306,baseline,51,14,6,9,38,11,34,13,5,16,77,51,25,25,61,10,White/Caucasian,Woman (including Trans Female/Trans Woman),English,23,Female,White,United States,United States,United States,English,Yes,Part-Time,garbage,opera,lion,dance,potatoes,yellow,pond,song,banjo,cats,cave,attention I1,sad,window,maple syrup,clap,look left
1307,specific,10,10,85,30,1,25,90,35,0,75,5,55,0,1,40,65,Latino/Hispanic,Man (including Trans Male/Trans Man),"English, Spanish",18,Male,Other,Mexico,United States,United States,English,Yes,Other,garbage,window,sad,yellow,potatoes,maple syrup,clap,look left,banjo,song,opera,dance,cave,cats,lion,attention I1,pond
1308,specific,11,2,71,11,5,8,5,6,9,29,9,20,1,1,71,13,White/Caucasian,Man (including Trans Male/Trans Man),English,33,Male,White,United States,United States,United States,English,No,Part-Time,banjo,song,look left,sad,yellow,cats,maple syrup,cave,attention I1,lion,garbage,window,pond,opera,dance,clap,potatoes
1309,baseline,12,25,50,8,4,76,24,3,50,6,50,19,9,2,75,25,White/Caucasian,Woman (including Trans Female/Trans Woman),English,37,Female,White,United States,United States,United States,English,No,Part-Time,clap,potatoes,sad,look left,pond,banjo,cave,attention I1,song,garbage,lion,yellow,opera,dance,cats,maple syrup,window
1310,generic,51,50,76,70,50,80,50,80,25,75,100,100,75,10,100,51,White/Caucasian,Woman (including Trans Female/Trans Woman),English,32,Female,White,United States,United States,United States,English,No,DATA_EXPIRED,look left,opera,pond,cats,cave,song,attention I1,lion,potatoes,garbage,yellow,banjo,clap,window,maple syrup,sad,dance
1311,generic,60,17,23,27,8,1,1,1,14,41,50,49,42,1,43,1,White/Caucasian,Woman (including Trans Female/Trans Woman),English,40,Female,White,United States,United States,United States,English,No,Part-Time,sad,cats,garbage,clap,dance,yellow,pond,lion,attention I1,song,look left,cave,potatoes,maple syrup,window,banjo,opera
1312,baseline,85,2,10,4,50,1,75,5,10,25,95,25,10,1,95,50,White/Caucasian,Woman (including Trans Female/Trans Woman),English,44,Female,White,United States,United States,United States,English,No,Part-Time,sad,cave,song,yellow,maple syrup,attention I1,pond,dance,opera,banjo,look left,window,clap,cats,garbage,potatoes,lion
1313,generic,4,0,12,17,50,2,1,2,6,25,19,83,19,2,9,11,White/Caucasian,Man (including Trans Male/Trans Man),English,43,Male,White,United States,United States,United States,English,No,Full-Time,look left,dance,attention I1,cats,garbage,window,sad,maple syrup,clap,song,lion,opera,potatoes,banjo,cave,pond,yellow
1314,generic,10,3,40,30,31,8,77,13,4,28,79,88,5,7,45,40,Black/African American,Man (including Trans Male/Trans Man),"Spanish, English",20,Male,Black,Puerto Rico,United States,United States,English,Yes,Unemployed (and job seeking),yellow,sad,window,lion,song,garbage,pond,banjo,attention I1,dance,maple syrup,look left,clap,cats,opera,potatoes,cave
1315,specific,0,0,80,3,5,0,15,25,3,0,11,60,0,2,75,18,East Asian,Man (including Trans Male/Trans Man),English,44,Male,Mixed,United States,United States,United States,English,No,Full-Time,pond,sad,banjo,opera,cave,lion,window,look left,dance,cats,potatoes,attention I1,maple syrup,clap,song,yellow,garbage
1316,baseline,28,49,42,30,73,86,92,46,14,32,97,39,14,32,23,46,White/Caucasian,Woman (including Trans Female/Trans Woman),English,20,Female,White,United States,United States,United States,English,Yes,Unemployed (and job seeking),pond,look left,dance,potatoes,lion,cats,song,banjo,opera,window,cave,attention I1,garbage,yellow,clap,sad,maple syrup
1317,baseline,80,5,65,20,60,95,75,10,6,25,50,60,6,75,60,60,White/Caucasian,Man (including Trans Male/Trans Man),English,40,Male,White,United States,United States,United States,English,No,Full-Time,window,maple syrup,dance,cats,potatoes,sad,garbage,song,attention I1,look left,cave,clap,opera,yellow,banjo,lion,pond
1318,baseline,90,67,65,23,49,66,67,39,37,15,67,35,66,31,82,69,White/Caucasian,Man (including Trans Male/Trans Man),English,47,Male,White,United States,United States,United States,English,No,Full-Time,cave,sad,pond,window,potatoes,look left,banjo,cats,opera,clap,maple syrup,dance,lion,song,garbage,yellow,attention I1
1319,specific,85,36,17,10,50,50,25,65,5,50,25,25,15,36,85,16,White/Caucasian,Man (including Trans Male/Trans Man),English,25,Male,White,United States,United States,United States,English,Yes,Unemployed (and job seeking),song,banjo,dance,clap,attention I1,pond,look left,potatoes,window,cats,lion,yellow,maple syrup,opera,cave,garbage,sad
1320,baseline,100,5,100,10,54,50,75,65,2,5,100,20,5,50,100,25,White/Caucasian,Man (including Trans Male/Trans Man),English,45,Male,White,United States,United States,United States,English,No,Full-Time,garbage,clap,yellow,maple syrup,attention I1,banjo,lion,dance,cats,opera,sad,window,look left,cave,song,pond,potatoes
1321,generic,40,14,37,45,12,75,25,5,40,80,60,90,24,10,50,20,White/Caucasian,Man (including Trans Male/Trans Man),English,24,Male,White,United States,United States,United States,English,No,Unemployed (and job seeking),sad,clap,song,cats,opera,window,pond,garbage,cave,maple syrup,attention I1,dance,potatoes,lion,yellow,banjo,look left
1322,generic,100,85,100,100,50,100,100,100,100,86,100,100,13,100,100,100,East Asian,Man (including Trans Male/Trans Man),English,35,Male,Asian,United States,United States,United States,English,No,Unemployed (and job seeking),song,dance,cave,banjo,sad,potatoes,yellow,clap,cats,pond,maple syrup,attention I1,garbage,lion,look left,opera,window
1323,specific,1,0,5,25,0,1,0,0,5,1,50,75,5,0,1,1,White/Caucasian,Woman (including Trans Female/Trans Woman),English,68,Female,White,United States,United States,United States,English,No,Other,yellow,opera,pond,dance,cats,song,banjo,clap,attention I1,cave,lion,look left,potatoes,maple syrup,garbage,sad,window
1324,generic,10,10,90,20,95,85,92,25,90,60,12,95,57,9,95,95,South East Asian,Man (including Trans Male/Trans Man),English,37,Male,Asian,United States,United States,United States,English,No,Full-Time,clap,cave,opera,cats,banjo,attention I1,sad,maple syrup,yellow,look left,pond,window,lion,potatoes,dance,garbage,song
1325,specific,50,10,11,12,38,3,12,5,8,25,50,66,13,5,24,3,White/Caucasian,Man (including Trans Male/Trans Man),English,48,Male,White,United States,United States,United States,English,No,Unemployed (and job seeking),opera,look left,dance,garbage,potatoes,banjo,yellow,attention I1,maple syrup,window,sad,cats,cave,lion,pond,clap,song
1326,generic,12,1,6,4,23,7,75,5,3,17,26,50,17,1,25,7,White/Caucasian,Man (including Trans Male/Trans Man),English,32,Male,White,United States,United States,United States,English,No,Part-Time,clap,yellow,dance,banjo,garbage,potatoes,look left,song,cats,lion,opera,window,attention I1,maple syrup,sad,pond,cave
1327,baseline,1,1,24,2,5,2,2,2,2,11,3,9,4,2,2,3,White/Caucasian,Woman (including Trans Female/Trans Woman),English,54,Female,White,United States,United States,United States,English,No,"Not in paid work (e.g. homemaker', 'retired or disabled)",garbage,look left,cats,yellow,pond,potatoes,dance,lion,attention I1,sad,clap,banjo,song,maple syrup,window,cave,opera
1328,baseline,57,14,38,30,19,13,24,12,20,22,58,71,13,10,66,20,White/Caucasian,Man (including Trans Male/Trans Man),English,68,Male,White,United States,United States,United States,English,No,Part-Time,potatoes,sad,garbage,pond,yellow,look left,banjo,dance,cats,lion,cave,song,opera,clap,maple syrup,attention I1,window
1329,generic,25,89,50,25,11,100,40,65,5,3,75,35,10,60,90,80,Latino/Hispanic,Man (including Trans Male/Trans Man),"English, Spanish",20,Male,Mixed,United States,United States,United States,English,No,DATA_EXPIRED,cave,pond,dance,potatoes,attention I1,cats,opera,window,garbage,lion,clap,song,sad,yellow,banjo,maple syrup,look left
1330,baseline,100,26,59,3,50,50,100,26,4,38,50,100,3,16,100,24,White/Caucasian,Man (including Trans Male/Trans Man),English,65,Male,White,United States,United States,United States,English,No,"Not in paid work (e.g. homemaker', 'retired or disabled)",song,pond,attention I1,cave,yellow,lion,maple syrup,potatoes,dance,cats,opera,sad,garbage,banjo,window,clap,look left
1331,specific,1,1,4,6,1,1,8,1,6,0,10,8,2,1,1,1,NA,NA,NA,NA,NA,NA,NA,NA,NA,NA,NA,NA,clap,maple syrup,yellow,look left,pond,song,potatoes,sad,garbage,banjo,window,lion,attention I1,cats,cave,dance,opera
1332,specific,5,4,9,11,1,3,16,2,3,4,7,25,2,2,11,8,Black/African American,Man (including Trans Male/Trans Man),English,25,Male,Black,United States,United States,United States,English,Yes,Unemployed (and job seeking),attention I1,dance,lion,potatoes,yellow,banjo,sad,pond,song,clap,cave,cats,maple syrup,opera,look left,garbage,window
1333,specific,0,0,51,37,50,100,39,24,30,13,86,76,37,14,13,1,White/Caucasian,Woman (including Trans Female/Trans Woman),English,75,Female,White,United States,United States,United States,English,No,Other,clap,potatoes,look left,garbage,yellow,window,song,lion,cave,sad,attention I1,opera,pond,maple syrup,cats,dance,banjo
1334,baseline,1,1,5,1,1,15,50,1,1,20,3,75,16,1,1,1,NA,NA,NA,NA,NA,NA,NA,NA,NA,NA,NA,NA,dance,window,opera,lion,attention I1,cave,banjo,sad,pond,clap,look left,garbage,song,maple syrup,potatoes,cats,yellow
1335,generic,15,5,5,10,50,1,10,10,10,20,25,75,35,3,90,10,White/Caucasian,Man (including Trans Male/Trans Man),English,40,Male,White,United States,United States,United States,English,Yes,"Not in paid work (e.g. homemaker', 'retired or disabled)",cats,pond,cave,opera,banjo,garbage,lion,sad,look left,attention I1,window,dance,maple syrup,yellow,song,potatoes,clap
1336,generic,35,20,72,20,31,65,34,25,18,40,74,62,30,53,55,35,White/Caucasian,Man (including Trans Male/Trans Man),English,27,Male,White,United States,United States,United States,English,No,Full-Time,song,yellow,garbage,clap,cave,lion,opera,window,maple syrup,dance,potatoes,look left,banjo,attention I1,sad,cats,pond
1337,baseline,97,91,90,14,51,88,10,95,25,51,95,26,25,94,89,96,White/Caucasian,Woman (including Trans Female/Trans Woman),English,33,Female,White,United States,United States,United States,English,No,Part-Time,cats,clap,song,potatoes,attention I1,maple syrup,banjo,opera,lion,dance,yellow,cave,pond,window,look left,sad,garbage
1338,generic,63,49,50,75,92,100,76,76,41,24,61,50,26,24,75,62,NA,NA,NA,NA,NA,NA,NA,NA,NA,NA,NA,NA,clap,banjo,yellow,cats,window,sad,attention I1,song,pond,lion,garbage,maple syrup,dance,opera,look left,potatoes,cave
